directory	srr_id	in_sample_list	in_sra_dir
Bulk_CellTypes/Gum+MouthOther	SRR12720156	1	1
Bulk_CellTypes/Gum+MouthOther	SRR12720160	1	1
Bulk_CellTypes/Gum+MouthOther	SRR12720161	1	1
Bulk_CellTypes/Gum+MouthOther	SRR17839289	1	1
Bulk_CellTypes/Gum+MouthOther	SRR17839290	1	1
Bulk_CellTypes/Gum+MouthOther	SRR17839291	1	1
Bulk_CellTypes/Gum+MouthOther	SRR17839292	1	1
Bulk_CellTypes/Gum+MouthOther	SRR17839293	1	1
Bulk_CellTypes/Gum+MouthOther	SRR17839294	1	1
Bulk_CellTypes/Gum+MouthOther	SRR17839295	1	1
Bulk_CellTypes/Gum+MouthOther	SRR17839296	1	1
Bulk_CellTypes/Gum+MouthOther	SRR17839297	1	1
Bulk_CellTypes/Gum+MouthOther	SRR17839298	1	1
Bulk_CellTypes/Gum+MouthOther	SRR17839299	1	1
Bulk_CellTypes/Gum+MouthOther	SRR17839300	1	1
Bulk_CellTypes/Gum+MouthOther	SRR17839301	1	1
Bulk_CellTypes/Gum+MouthOther	SRR17839302	1	1
Bulk_CellTypes/Gum+MouthOther	SRR17839303	1	1
Bulk_CellTypes/Gum+MouthOther	SRR17839304	1	1
Bulk_CellTypes/Pancreas	SRR15964342	1	0
Bulk_CellTypes/Pancreas	SRR15964343	1	0
Bulk_CellTypes/Pancreas	SRR15964344	1	0
Bulk_CellTypes/Pancreas	SRR15964345	1	0
Bulk_CellTypes/Pancreas	SRR15964346	1	0
Bulk_CellTypes/Pancreas	SRR15964347	1	0
Bulk_CellTypes/Pancreas	SRR15964348	1	0
Bulk_CellTypes/Pancreas	SRR15964349	1	0
Bulk_CellTypes/Pancreas	SRR15964350	1	0
Bulk_CellTypes/Pancreas	SRR15964351	1	0
Bulk_CellTypes/Pancreas	SRR15964352	1	0
Bulk_CellTypes/Pancreas	SRR15964353	1	0
Bulk_CellTypes/Pancreas	SRR16987689	1	0
Bulk_CellTypes/Pancreas	SRR16987690	1	0
Controls/Esophagus	ERR1141690	1	1
Controls/Esophagus	ERR1141692	1	1
Controls/Esophagus	ERR1141697	1	1
Controls/Esophagus	ERR1141699	1	1
Controls/Esophagus	ERR1141703	1	1
Controls/Esophagus	ERR1141720	1	1
Controls/Esophagus	ERR1141721	1	1
Controls/Esophagus	ERR1141722	1	1
Controls/Esophagus	ERR1141723	1	1
Controls/Esophagus	ERR1141724	1	1
Controls/Esophagus	ERR1141725	1	1
Controls/Esophagus	ERR1141726	1	1
Controls/Esophagus	ERR1141727	1	1
Controls/Esophagus	ERR1141728	1	1
Controls/Esophagus	ERR1141729	1	1
Controls/Esophagus	ERR1141730	1	1
Controls/Esophagus	ERR1141731	1	1
Controls/Esophagus	ERR1141732	1	1
Controls/Esophagus	ERR1141733	1	1
Controls/Esophagus	SRR14447349	1	1
Controls/Esophagus	SRR14447351	1	1
Controls/Esophagus	SRR14447355	1	1
Controls/Esophagus	SRR14447356	1	1
Controls/Esophagus	SRR14447359	1	1
Controls/Esophagus	SRR14447361	1	1
Controls/Esophagus	SRR14447365	1	1
Controls/Esophagus	SRR14447377	1	1
Controls/Esophagus	SRR14447380	1	1
Controls/Esophagus	SRR14447383	1	1
Controls/Esophagus	SRR14447389	1	1
Controls/Esophagus	SRR5230947	1	1
Controls/Esophagus	SRR5230948	1	1
Controls/Gallbladder	SRR10305487	1	0
Controls/Gallbladder	SRR10305489	1	0
Controls/Gallbladder	SRR10305491	1	0
Controls/Gallbladder	SRR10305492	1	0
Controls/Gallbladder	SRR10305493	1	0
Controls/Gallbladder	SRR10305494	1	0
Controls/Gallbladder	SRR10305495	1	0
Controls/Gallbladder	SRR10305496	1	0
Controls/Gallbladder	SRR10305497	1	0
Controls/Gallbladder	SRR10305498	1	0
Controls/Gallbladder	SRR10305499	1	0
Controls/Gallbladder	SRR10305500	1	0
Controls/Gallbladder	SRR10305501	1	0
Controls/Gallbladder	SRR10305503	1	0
Controls/Gallbladder	SRR10305504	1	0
Controls/Gallbladder	SRR10305505	1	0
Controls/Gallbladder	SRR10305506	1	0
Controls/Gallbladder	SRR10305507	1	0
Controls/Gallbladder	SRR10305508	1	0
Controls/Gallbladder	SRR10305509	1	0
Controls/Gallbladder	SRR10305510	1	0
Controls/Gallbladder	SRR10305511	1	0
Controls/Gallbladder	SRR10305512	1	0
Controls/Gallbladder	SRR10305513	1	0
Controls/Gallbladder	SRR10305514	1	0
Controls/Gallbladder	SRR10305515	1	0
Controls/Gallbladder	SRR10305516	1	0
Controls/Gallbladder	SRR10305517	1	0
Controls/Gallbladder	SRR10305518	1	0
Controls/Gallbladder	SRR10305519	1	0
Controls/Gallbladder	SRR10305520	1	0
Controls/Gallbladder	SRR10305521	1	0
Controls/Gallbladder	SRR10305522	1	0
Controls/Gallbladder	SRR10305523	1	0
Controls/Gallbladder	SRR10305525	1	0
Controls/Gallbladder	SRR10305527	1	0
Controls/Gallbladder	SRR10305529	1	0
Controls/Gallbladder	SRR10305531	1	0
Controls/Gallbladder	SRR10305533	1	0
Controls/Gallbladder	SRR10305535	1	0
Controls/Gallbladder	SRR10380719	1	0
Controls/Gallbladder	SRR10380721	1	0
Controls/Gallbladder	SRR10380723	1	0
Controls/Gallbladder	SRR10380725	1	0
Controls/Gallbladder	SRR10380727	1	0
Controls/Gallbladder	SRR10380729	1	0
Controls/Gallbladder	SRR10380731	1	0
Controls/Gallbladder	SRR10380733	1	0
Controls/Gallbladder	SRR10380735	1	0
Controls/Gallbladder	SRR10380737	1	0
Controls/Gallbladder	SRR19139563	1	0
Controls/Gallbladder	SRR19139564	1	0
Controls/Gallbladder	SRR19139565	1	0
Controls/Gallbladder	SRR25998609	1	0
Controls/Gallbladder	SRR25998610	1	0
Controls/Gallbladder	SRR25998617	1	0
Controls/Gallbladder	SRR25998618	1	0
Controls/Gallbladder	SRR25998619	1	0
Controls/Gallbladder	SRR25998620	1	0
Controls/Gallbladder	SRR30633521	1	0
Controls/Gallbladder	SRR30633522	1	0
Controls/Gallbladder	SRR30633523	1	0
Controls/Gallbladder	SRR30633524	1	0
Controls/Gallbladder	SRR30633525	1	0
Controls/Gallbladder	SRR30633526	1	0
Controls/Gallbladder	SRR30633527	1	0
Controls/Gallbladder	SRR32560245	1	0
Controls/Gallbladder	SRR32560246	1	0
Controls/Gallbladder	SRR32560247	1	0
Controls/Gallbladder	SRR5742688	1	0
Controls/Gallbladder	SRR5742690	1	0
Controls/Gallbladder	SRR5742692	1	0
Controls/Gallbladder	SRR5742694	1	0
Controls/Gallbladder	SRR9203715	1	0
Controls/Gallbladder	SRR9203718	1	0
Controls/Gallbladder	SRR9203721	1	0
Controls/Gum+MouthOther	ERR649019	1	1
Controls/Gum+MouthOther	ERR649022	1	1
Controls/Gum+MouthOther	ERR649026	1	1
Controls/Gum+MouthOther	ERR649029	1	1
Controls/Gum+MouthOther	ERR649030	1	1
Controls/Gum+MouthOther	ERR649034	1	0
Controls/Gum+MouthOther	ERR649035	1	1
Controls/Gum+MouthOther	ERR649038	1	1
Controls/Gum+MouthOther	ERR649043	1	1
Controls/Gum+MouthOther	ERR649046	1	1
Controls/Gum+MouthOther	ERR649049	1	1
Controls/Gum+MouthOther	ERR649052	1	1
Controls/Gum+MouthOther	ERR649053	1	1
Controls/Gum+MouthOther	ERR649058	1	1
Controls/Gum+MouthOther	ERR649059	1	1
Controls/Gum+MouthOther	ERR649062	1	1
Controls/Gum+MouthOther	ERR649066	1	1
Controls/Gum+MouthOther	ERR649069	1	1
Controls/Gum+MouthOther	ERR649072	1	1
Controls/Gum+MouthOther	SRR10502316	0	1
Controls/Gum+MouthOther	SRR10502317	0	1
Controls/Gum+MouthOther	SRR10502318	1	1
Controls/Gum+MouthOther	SRR16013047	0	1
Controls/Gum+MouthOther	SRR16013049	0	1
Controls/Gum+MouthOther	SRR16013051	1	1
Controls/Gum+MouthOther	SRR16013053	0	1
Controls/Gum+MouthOther	SRR16013055	0	1
Controls/Gum+MouthOther	SRR16013057	0	1
Controls/Gum+MouthOther	SRR16013058	0	1
Controls/Gum+MouthOther	SRR16013060	1	1
Controls/Gum+MouthOther	SRR16013062	0	1
Controls/Gum+MouthOther	SRR16013063	0	1
Controls/Gum+MouthOther	SRR16013066	0	1
Controls/Gum+MouthOther	SRR16013069	0	1
Controls/Gum+MouthOther	SRR16013071	0	1
Controls/Gum+MouthOther	SRR16013075	0	1
Controls/Gum+MouthOther	SRR16013076	0	1
Controls/Gum+MouthOther	SRR16013077	0	1
Controls/Gum+MouthOther	SRR16013081	0	1
Controls/Gum+MouthOther	SRR16013085	0	1
Controls/Gum+MouthOther	SRR16013086	0	1
Controls/Gum+MouthOther	SRR16013087	0	1
Controls/Gum+MouthOther	SRR16013089	0	1
Controls/Gum+MouthOther	SRR16612817	1	1
Controls/Gum+MouthOther	SRR16612819	1	1
Controls/Gum+MouthOther	SRR16612821	1	1
Controls/Gum+MouthOther	SRR16612823	1	1
Controls/Gum+MouthOther	SRR16612825	1	1
Controls/Gum+MouthOther	SRR16612828	1	1
Controls/Gum+MouthOther	SRR16612830	1	1
Controls/Gum+MouthOther	SRR16612831	1	1
Controls/Gum+MouthOther	SRR16612833	1	1
Controls/Gum+MouthOther	SRR16612836	1	1
Controls/Gum+MouthOther	SRR16612838	1	1
Controls/Gum+MouthOther	SRR16612839	1	1
Controls/Gum+MouthOther	SRR16612841	1	1
Controls/Gum+MouthOther	SRR16612844	1	1
Controls/Gum+MouthOther	SRR16612846	1	1
Controls/Gum+MouthOther	SRR16612847	1	1
Controls/Gum+MouthOther	SRR16612849	1	1
Controls/Gum+MouthOther	SRR16940416	1	1
Controls/Gum+MouthOther	SRR16940420	1	1
Controls/Gum+MouthOther	SRR16940425	1	1
Controls/Gum+MouthOther	SRR16940430	1	1
Controls/Gum+MouthOther	SRR16940432	1	1
Controls/Gum+MouthOther	SRR16940449	1	1
Controls/Gum+MouthOther	SRR16940450	1	1
Controls/Gum+MouthOther	SRR16940451	1	1
Controls/Gum+MouthOther	SRR16940455	1	1
Controls/Gum+MouthOther	SRR16940460	1	1
Controls/Gum+MouthOther	SRR16940464	1	1
Controls/Gum+MouthOther	SRR22827414	1	1
Controls/Gum+MouthOther	SRR22827415	1	1
Controls/Gum+MouthOther	SRR22827416	1	1
Controls/Gum+MouthOther	SRR30291126	1	0
Controls/Gum+MouthOther	SRR30291129	1	0
Controls/Gum+MouthOther	SRR30291132	1	0
Controls/Gum+MouthOther	SRR30291161	1	0
Controls/Gum+MouthOther	SRR30291166	1	0
Controls/Gum+MouthOther	SRR30291171	1	0
Controls/Gum+MouthOther	SRR30291176	1	0
Controls/Larynx	SRR10116266	1	0
Controls/Larynx	SRR10116268	1	0
Controls/Larynx	SRR10116270	1	0
Controls/Larynx	SRR22060457	1	0
Controls/Larynx	SRR22060458	1	0
Controls/Larynx	SRR22060459	1	0
Controls/Larynx	SRR22060460	1	0
Controls/Larynx	SRR22060461	1	0
Controls/Larynx	SRR22060462	1	0
Controls/Larynx	SRR22060463	1	0
Controls/Larynx	SRR22060473	1	0
Controls/Larynx	SRR22060474	1	0
Controls/Larynx	SRR22060475	1	0
Controls/MouthFloor	SRR16013053	1	1
Controls/MouthFloor	SRR16013071	1	1
Controls/Pancreas	SRR10030984	1	0
Controls/Pancreas	SRR10030985	1	0
Controls/Pancreas	SRR10030986	1	0
Controls/Pancreas	SRR10030987	1	0
Controls/Pancreas	SRR10030988	1	0
Controls/Pancreas	SRR11792171	1	0
Controls/Pancreas	SRR11792172	1	0
Controls/Pancreas	SRR11792173	1	0
Controls/Pancreas	SRR11792174	1	0
Controls/Pancreas	SRR17335067	1	0
Controls/Pancreas	SRR17335069	1	0
Controls/Pancreas	SRR17335071	1	0
Controls/Pancreas	SRR17335073	1	0
Controls/Pancreas	SRR17335075	1	0
Controls/Pancreas	SRR17335077	1	0
Controls/Pancreas	SRR17335079	1	0
Controls/Pancreas	SRR17335081	1	0
Controls/Pancreas	SRR17335083	1	0
Controls/Pancreas	SRR17335085	1	0
Controls/Pancreas	SRR17335087	1	0
Controls/Pancreas	SRR17335089	1	0
Controls/Pancreas	SRR17335092	1	1
Controls/Pancreas	SRR17335094	1	0
Controls/Pancreas	SRR21833008	1	0
Controls/Pancreas	SRR21833010	1	0
Controls/Pancreas	SRR21833012	1	0
Controls/Pancreas	SRR21833015	1	0
Controls/Pancreas	SRR21833018	1	0
Controls/Pancreas	SRR25143506	1	0
Controls/Pancreas	SRR25143507	1	0
Controls/Pancreas	SRR25143508	1	0
Controls/Pancreas	SRR25143509	1	0
Controls/Pancreas	SRR25143510	1	0
Controls/Pancreas	SRR25143511	1	0
Controls/Pancreas	SRR25143512	1	0
Controls/Pancreas	SRR25143513	1	0
Controls/Pancreas	SRR25143514	1	0
Controls/Pancreas	SRR25143515	1	0
Controls/Pancreas	SRR25143516	1	0
Controls/Pancreas	SRR25143517	1	0
Controls/Pancreas	SRR25143518	1	0
Controls/Pancreas	SRR25143519	1	0
Controls/Pancreas	SRR25143520	1	0
Controls/Pancreas	SRR25143521	1	0
Controls/Pancreas	SRR25143522	1	0
Controls/Pancreas	SRR25143523	1	0
Controls/Pancreas	SRR25143524	1	0
Controls/Pancreas	SRR25143525	1	0
Controls/Pancreas	SRR25143526	1	0
Controls/Pancreas	SRR25143527	1	0
Controls/Pancreas	SRR25716763	1	0
Controls/Pancreas	SRR25716765	1	0
Controls/Pancreas	SRR25716767	1	0
Controls/Pancreas	SRR7768602	1	0
Controls/Pancreas	SRR7768603	1	0
Controls/Pancreas	SRR7768604	1	0
Controls/Pancreas	SRR7768605	1	0
Controls/Pancreas	SRR7768606	1	0
Controls/Pancreas	SRR7768607	1	0
Controls/Pancreas	SRR7818895	1	0
Controls/Pancreas	SRR7818896	1	0
Controls/Pancreas	SRR7818897	1	0
Controls/Pancreas	SRR7818898	1	0
Controls/Pancreas	SRR7818899	1	0
Controls/Pancreas	SRR7818900	1	0
Controls/Pancreas	SRR7818901	1	0
Controls/Pancreas	SRR7818902	1	0
Controls/Pancreas	SRR7818903	1	0
Controls/Pancreas	SRR7818904	1	0
Controls/RenalPelvis	Run	1	0
Controls/RenalPelvis	SRR11196339	1	1
Controls/RenalPelvis	SRR11196341	1	1
Controls/RenalPelvis	SRR11196345	1	1
Controls/RenalPelvis	SRR11196346	1	1
Controls/Salivary	ERR315325	1	0
Controls/Salivary	ERR315382	1	0
Controls/Salivary	ERR315418	1	0
Controls/Salivary	ERR315420	1	0
Controls/Salivary	ERR315449	1	0
Controls/Salivary	ERR315459	1	0
Controls/Salivary	SRR10246417	1	1
Controls/Salivary	SRR10246418	1	1
Controls/Salivary	SRR15100666	1	1
Controls/Salivary	SRR15100668	1	1
Controls/Salivary	SRR15100670	1	1
Controls/Salivary	SRR15100672	1	1
Controls/Salivary	SRR15100674	1	1
Controls/Salivary	SRR15132668	1	1
Controls/Salivary	SRR15132670	1	1
Controls/Salivary	SRR15132672	1	1
Controls/Salivary	SRR15132674	1	1
Controls/Salivary	SRR15132676	1	1
Controls/Salivary	SRR15207440	1	1
Controls/Salivary	SRR15207441	1	1
Controls/Salivary	SRR15207442	1	1
Controls/Salivary	SRR15207443	1	1
Controls/Salivary	SRR15207444	1	1
Controls/Salivary	SRR15207445	1	1
Controls/Salivary	SRR15207446	1	1
Controls/Salivary	SRR15207447	1	1
Controls/Salivary	SRR15207448	1	1
Controls/Salivary	SRR15207449	1	1
Controls/Salivary	SRR15207450	1	1
Controls/Salivary	SRR15207451	1	1
Controls/Salivary	SRR15207452	1	1
Controls/Salivary	SRR15207453	1	1
Controls/Salivary	SRR15207454	1	1
Controls/Salivary	SRR15207455	1	1
Controls/Salivary	SRR26033659	1	1
Controls/Salivary	SRR26033660	1	1
Controls/Salivary	SRR26033661	1	1
Controls/Salivary	SRR26033662	1	1
Controls/Salivary	SRR26033663	1	1
Controls/Salivary	SRR26033664	1	1
Controls/Salivary	SRR26033665	1	1
Controls/Salivary	SRR26033666	1	1
Controls/Salivary	SRR26033667	1	1
Controls/Salivary	SRR26033668	1	1
Controls/Salivary	SRR26033670	1	1
Controls/Salivary	SRR26033671	1	1
Controls/Salivary	SRR26033672	1	1
Controls/Salivary	SRR26033673	1	1
Controls/Salivary	SRR26033674	1	1
Controls/Salivary	SRR26033675	1	1
Controls/Salivary	SRR26033676	1	1
Controls/Salivary	SRR26033677	1	0
Controls/Salivary	SRR26033678	1	1
Controls/Salivary	SRR26033679	1	1
Controls/Salivary	SRR31414539	1	1
Controls/Salivary	SRR31414540	1	1
Controls/Salivary	SRR31414541	1	1
Controls/Salivary	SRR31414542	1	1
Controls/Salivary	SRR31414543	1	1
Controls/Salivary	SRR31414544	1	1
Controls/Tongue	SRR10502316	1	1
Controls/Tongue	SRR10502317	1	1
Controls/Tongue	SRR16013047	1	1
Controls/Tongue	SRR16013049	1	1
Controls/Tongue	SRR16013055	1	1
Controls/Tongue	SRR16013057	1	1
Controls/Tongue	SRR16013058	1	1
Controls/Tongue	SRR16013062	1	1
Controls/Tongue	SRR16013063	1	1
Controls/Tongue	SRR16013066	1	1
Controls/Tongue	SRR16013068	1	1
Controls/Tongue	SRR16013069	1	1
Controls/Tongue	SRR16013075	1	1
Controls/Tongue	SRR16013076	1	1
Controls/Tongue	SRR16013077	1	1
Controls/Tongue	SRR16013081	1	1
Controls/Tongue	SRR16013085	1	1
Controls/Tongue	SRR16013086	1	1
Controls/Tongue	SRR16013087	1	1
Controls/Tongue	SRR16013089	1	1
Premalignant/Esophagus	ERR1141671	1	0
Premalignant/Esophagus	ERR1141672	1	0
Premalignant/Esophagus	ERR1141673	1	0
Premalignant/Esophagus	ERR1141674	1	0
Premalignant/Esophagus	ERR1141675	1	0
Premalignant/Esophagus	ERR1141676	1	0
Premalignant/Esophagus	ERR1141677	1	0
Premalignant/Esophagus	ERR1141678	1	0
Premalignant/Esophagus	ERR1141679	1	0
Premalignant/Esophagus	ERR1141680	1	0
Premalignant/Esophagus	ERR1141681	1	0
Premalignant/Esophagus	ERR1141682	1	0
Premalignant/Esophagus	ERR1141683	1	0
Premalignant/Esophagus	ERR1141684	1	1
Premalignant/Esophagus	ERR1141685	1	0
Premalignant/Esophagus	ERR1141686	1	0
Premalignant/Esophagus	ERR1141687	1	0
Premalignant/Esophagus	ERR1141688	1	1
Premalignant/Esophagus	ERR1141689	1	0
Premalignant/Esophagus	ERR1141691	1	0
Premalignant/Esophagus	ERR1141693	1	0
Premalignant/Esophagus	ERR1141694	1	0
Premalignant/Esophagus	ERR1141695	1	1
Premalignant/Esophagus	ERR1141696	1	0
Premalignant/Esophagus	ERR1141698	1	0
Premalignant/Esophagus	ERR1141701	1	0
Premalignant/Esophagus	ERR1141702	1	0
Premalignant/Esophagus	ERR3728072	1	0
Premalignant/Esophagus	ERR3728073	1	0
Premalignant/Esophagus	ERR3728074	1	0
Premalignant/Esophagus	SRR17658172	1	0
Premalignant/Esophagus	SRR17658173	1	0
Premalignant/Esophagus	SRR17658174	1	1
Premalignant/Esophagus	SRR17658175	1	0
Premalignant/Esophagus	SRR17658176	1	0
Premalignant/Esophagus	SRR17658177	1	0
Premalignant/Esophagus	SRR17658178	1	0
Premalignant/Esophagus	SRR17658179	1	0
Premalignant/Esophagus	SRR17658180	1	0
Premalignant/Esophagus	SRR17658181	1	0
Premalignant/Esophagus	SRR17658182	1	0
Premalignant/Esophagus	SRR17658183	1	0
Premalignant/Esophagus	SRR17658184	1	0
Premalignant/Esophagus	SRR17658185	1	0
Premalignant/Esophagus	SRR17658186	1	0
Premalignant/Esophagus	SRR17658187	1	0
Premalignant/Esophagus	SRR17658188	1	0
Premalignant/Esophagus	SRR17658189	1	0
Premalignant/Esophagus	SRR17658190	1	0
Premalignant/Esophagus	SRR17658191	1	0
Premalignant/Esophagus	SRR17658192	1	0
Premalignant/Esophagus	SRR17658193	1	0
Premalignant/Esophagus	SRR17658194	1	0
Premalignant/Esophagus	SRR17658195	1	0
Premalignant/Esophagus	SRR17658196	1	0
Premalignant/Esophagus	SRR17658197	1	0
Premalignant/Esophagus	SRR17658198	1	0
Premalignant/Esophagus	SRR17658199	1	1
Premalignant/Esophagus	SRR17658200	1	0
Premalignant/Esophagus	SRR17658201	1	0
Premalignant/Esophagus	SRR17658202	1	0
Premalignant/Esophagus	SRR17658203	1	1
Premalignant/Esophagus	SRR17658204	1	1
Premalignant/Esophagus	SRR17658205	1	0
Premalignant/Esophagus	SRR17658206	1	1
Premalignant/Esophagus	SRR17658207	1	0
Premalignant/Esophagus	SRR17658208	1	1
Premalignant/Esophagus	SRR17658209	1	0
Premalignant/Esophagus	SRR17658210	1	0
Premalignant/Esophagus	SRR17658211	1	0
Premalignant/Esophagus	SRR17658212	1	0
Premalignant/Esophagus	SRR17658213	1	0
Premalignant/Esophagus	SRR17658214	1	0
Premalignant/Esophagus	SRR17658215	1	0
Premalignant/Esophagus	SRR17658216	1	0
Premalignant/Esophagus	SRR17658217	1	0
Premalignant/Esophagus	SRR27477615	1	0
Premalignant/Esophagus	SRR27477616	1	1
Premalignant/Esophagus	SRR27477617	1	0
Premalignant/Esophagus	SRR27477618	1	0
Premalignant/Esophagus	SRR27477619	1	1
Premalignant/Esophagus	SRR27477620	1	0
Premalignant/Esophagus	SRR27477621	1	0
Premalignant/Esophagus	SRR27477622	1	0
Premalignant/Esophagus	SRR27477623	1	0
Premalignant/Esophagus	SRR27477624	1	1
Premalignant/Esophagus	SRR27477625	1	0
Premalignant/Esophagus	SRR27477626	1	0
Premalignant/Esophagus	SRR27477627	1	1
Premalignant/Esophagus	SRR27477628	1	0
Premalignant/Esophagus	SRR27477629	1	0
Premalignant/Esophagus	SRR27477630	1	0
Premalignant/Esophagus	SRR27477631	1	0
Premalignant/Esophagus	SRR27477632	1	0
Premalignant/Esophagus	SRR27477633	1	1
Premalignant/Esophagus	SRR27477634	1	0
Premalignant/Esophagus	SRR27477635	1	1
Premalignant/Esophagus	SRR27477636	1	0
Premalignant/Esophagus	SRR27477637	1	0
Premalignant/Esophagus	SRR27477638	1	0
Premalignant/Esophagus	SRR27477639	1	0
Premalignant/Esophagus	SRR27477640	1	1
Premalignant/Esophagus	SRR27477641	1	0
Premalignant/Esophagus	SRR27477642	1	1
Premalignant/Esophagus	SRR27477643	1	1
Premalignant/Esophagus	SRR27477644	1	0
Premalignant/Esophagus	SRR27477645	1	0
Premalignant/Esophagus	SRR27477646	1	0
Premalignant/Esophagus	SRR27477647	1	0
Premalignant/Esophagus	SRR27477648	1	0
Premalignant/Esophagus	SRR27477649	1	1
Premalignant/Esophagus	SRR27477650	1	0
Premalignant/Esophagus	SRR27477651	1	0
Premalignant/Esophagus	SRR27477652	1	0
Premalignant/Esophagus	SRR27477653	1	0
Premalignant/Esophagus	SRR27477654	1	0
Premalignant/Esophagus	SRR27477655	1	0
Premalignant/Esophagus	SRR27477656	1	0
Premalignant/Esophagus	SRR27477657	1	0
Premalignant/Esophagus	SRR27477658	1	1
Premalignant/Esophagus	SRR27477659	1	0
Premalignant/Esophagus	SRR27477660	1	1
Premalignant/Esophagus	SRR27477661	1	0
Premalignant/Esophagus	SRR27477662	1	0
Premalignant/Esophagus	SRR27477663	1	0
Premalignant/Esophagus	SRR27477664	1	0
Premalignant/Esophagus	SRR27477665	1	1
Premalignant/Esophagus	SRR27477666	1	0
Premalignant/Esophagus	SRR27477667	1	0
Premalignant/Esophagus	SRR27477668	1	0
Premalignant/Esophagus	SRR27477669	1	0
Premalignant/Esophagus	SRR27477670	1	0
Premalignant/Esophagus	SRR27477671	1	0
Premalignant/Esophagus	SRR27477672	1	0
Premalignant/Esophagus	SRR27477673	1	0
Premalignant/Esophagus	SRR27477674	1	0
Premalignant/Esophagus	SRR27477675	1	0
Premalignant/Esophagus	SRR27477676	1	0
Premalignant/Esophagus	SRR27477677	1	0
Premalignant/Esophagus	SRR27477678	1	0
Premalignant/Esophagus	SRR27477679	1	0
Premalignant/Esophagus	SRR27477680	1	0
Premalignant/Esophagus	SRR27477681	1	1
Premalignant/Esophagus	SRR27477682	1	0
Premalignant/Esophagus	SRR27477683	1	0
Premalignant/Esophagus	SRR27477684	1	0
Premalignant/Esophagus	SRR27477685	1	0
Premalignant/Esophagus	SRR27477686	1	0
Premalignant/Esophagus	SRR27477687	1	0
Premalignant/Esophagus	SRR27477688	1	0
Premalignant/Esophagus	SRR27477689	1	0
Premalignant/Esophagus	SRR27477690	1	0
Premalignant/Esophagus	SRR27477691	1	0
Premalignant/Esophagus	SRR27477692	1	1
Premalignant/Esophagus	SRR27477693	1	1
Premalignant/Esophagus	SRR27477694	1	1
Premalignant/Esophagus	SRR27477695	1	0
Premalignant/Esophagus	SRR27477696	1	0
Premalignant/Esophagus	SRR27477697	1	0
Premalignant/Esophagus	SRR27477698	1	0
Premalignant/Esophagus	SRR27477699	1	0
Premalignant/Esophagus	SRR27477700	1	0
Premalignant/Esophagus	SRR27477701	1	0
Premalignant/Esophagus	SRR27477702	1	0
Premalignant/Esophagus	SRR27477703	1	0
Premalignant/Esophagus	SRR27477704	1	0
Premalignant/Esophagus	SRR27477705	1	0
Premalignant/Esophagus	SRR27477706	1	0
Premalignant/Esophagus	SRR27477707	1	0
Premalignant/Esophagus	SRR27477708	1	0
Premalignant/Esophagus	SRR27477709	1	0
Premalignant/Esophagus	SRR27477710	1	1
Premalignant/Esophagus	SRR27477711	1	1
Premalignant/Esophagus	SRR27477712	1	0
Premalignant/Esophagus	SRR27477713	1	0
Premalignant/Esophagus	SRR27477714	1	0
Premalignant/Esophagus	SRR27477715	1	0
Premalignant/Esophagus	SRR27477716	1	0
Premalignant/Esophagus	SRR27477717	1	1
Premalignant/Esophagus	SRR27477718	1	0
Premalignant/Esophagus	SRR27477719	1	0
Premalignant/Esophagus	SRR27477720	1	1
Premalignant/Esophagus	SRR27477721	1	1
Premalignant/Esophagus	SRR27477722	1	0
Premalignant/Esophagus	SRR27477723	1	0
Premalignant/Esophagus	SRR27477724	1	0
Premalignant/Esophagus	SRR27477725	1	0
Premalignant/Esophagus	SRR27477726	1	0
Premalignant/Esophagus	SRR27477727	1	0
Premalignant/Esophagus	SRR27477728	1	0
Premalignant/Esophagus	SRR27477729	1	1
Premalignant/Esophagus	SRR27477730	1	0
Premalignant/Esophagus	SRR27477731	1	0
Premalignant/Esophagus	SRR27477732	1	0
Premalignant/Esophagus	SRR27477733	1	0
Premalignant/Esophagus	SRR27477734	1	0
Premalignant/Esophagus	SRR27477735	1	0
Premalignant/Esophagus	SRR27477736	1	0
Premalignant/Esophagus	SRR27477737	1	1
Premalignant/Esophagus	SRR27477738	1	0
Premalignant/Esophagus	SRR27477739	1	0
Premalignant/Esophagus	SRR27477740	1	0
Premalignant/Esophagus	SRR27477741	1	0
Premalignant/Esophagus	SRR27477742	1	0
Premalignant/Esophagus	SRR27477743	1	1
Premalignant/Esophagus	SRR27477744	1	1
Premalignant/Esophagus	SRR27477745	1	1
Premalignant/Esophagus	SRR27477746	1	0
Premalignant/Esophagus	SRR27477747	1	0
Premalignant/Esophagus	SRR27477748	1	0
Premalignant/Esophagus	SRR27477749	1	0
Premalignant/Esophagus	SRR27477750	1	0
Premalignant/Esophagus	SRR27477751	1	1
Premalignant/Gum+MouthOther	ERR649018	1	0
Premalignant/Gum+MouthOther	ERR649021	1	0
Premalignant/Gum+MouthOther	ERR649023	1	0
Premalignant/Gum+MouthOther	ERR649028	1	0
Premalignant/Gum+MouthOther	ERR649031	1	0
Premalignant/Gum+MouthOther	ERR649033	1	0
Premalignant/Gum+MouthOther	ERR649037	1	0
Premalignant/Gum+MouthOther	ERR649039	1	0
Premalignant/Gum+MouthOther	ERR649041	1	0
Premalignant/Gum+MouthOther	ERR649047	1	0
Premalignant/Gum+MouthOther	ERR649050	1	0
Premalignant/Gum+MouthOther	ERR649055	1	0
Premalignant/Gum+MouthOther	ERR649057	1	0
Premalignant/Gum+MouthOther	ERR649060	1	0
Premalignant/Gum+MouthOther	ERR649063	1	0
Premalignant/Gum+MouthOther	ERR649064	1	0
Premalignant/Gum+MouthOther	ERR649067	1	0
Premalignant/Gum+MouthOther	ERR649070	1	0
Premalignant/Gum+MouthOther	ERR649073	1	0
Premalignant/Gum+MouthOther	SRR12450077	1	0
Premalignant/Gum+MouthOther	SRR12450078	1	0
Premalignant/Gum+MouthOther	SRR12450079	1	0
Premalignant/Gum+MouthOther	SRR12450080	1	0
Premalignant/Gum+MouthOther	SRR12450081	1	0
Premalignant/Gum+MouthOther	SRR12450082	1	0
Premalignant/Gum+MouthOther	SRR12450083	1	0
Premalignant/Gum+MouthOther	SRR12450084	1	0
Premalignant/Gum+MouthOther	SRR12450085	1	0
Premalignant/Gum+MouthOther	SRR12450086	1	0
Premalignant/Gum+MouthOther	SRR23053103	1	0
Premalignant/Gum+MouthOther	SRR23053104	1	0
Premalignant/Gum+MouthOther	SRR23053105	1	0
Premalignant/Gum+MouthOther	SRR23053106	1	0
Premalignant/Gum+MouthOther	SRR23053107	1	0
Premalignant/Gum+MouthOther	SRR23053108	1	0
Premalignant/Gum+MouthOther	SRR23053109	1	0
Premalignant/Gum+MouthOther	SRR23053110	1	0
Premalignant/Gum+MouthOther	SRR23053111	1	0
Premalignant/Gum+MouthOther	SRR23053112	1	0
Premalignant/Gum+MouthOther	SRR23053113	1	0
Premalignant/Gum+MouthOther	SRR23053114	1	0
Premalignant/Gum+MouthOther	SRR23053115	1	0
Premalignant/Gum+MouthOther	SRR23053116	1	0
Premalignant/Gum+MouthOther	SRR23053117	1	0
Premalignant/Gum+MouthOther	SRR23053118	1	0
Premalignant/Gum+MouthOther	SRR23053119	1	0
Premalignant/Gum+MouthOther	SRR23053120	1	0
Premalignant/Gum+MouthOther	SRR23053121	1	0
Premalignant/Gum+MouthOther	SRR23053122	1	0
Premalignant/Gum+MouthOther	SRR23053123	1	0
Premalignant/Gum+MouthOther	SRR23053142	1	0
Premalignant/Gum+MouthOther	SRR23053143	1	0
Premalignant/Gum+MouthOther	SRR23053144	1	0
Premalignant/Gum+MouthOther	SRR23053145	1	0
Premalignant/Gum+MouthOther	SRR23053146	1	0
Premalignant/Gum+MouthOther	SRR23053147	1	0
Premalignant/Gum+MouthOther	SRR23053148	1	0
Premalignant/Gum+MouthOther	SRR23053149	1	0
Premalignant/Gum+MouthOther	SRR23053150	1	0
Premalignant/Gum+MouthOther	SRR23053151	1	0
Premalignant/Gum+MouthOther	SRR23053152	1	0
Premalignant/Gum+MouthOther	SRR23053153	1	0
Premalignant/Gum+MouthOther	SRR23053154	1	0
Premalignant/Gum+MouthOther	SRR23053155	1	0
Premalignant/Gum+MouthOther	SRR23053156	1	0
Premalignant/Gum+MouthOther	SRR23053157	1	0
Premalignant/Gum+MouthOther	SRR23053158	1	0
Premalignant/Gum+MouthOther	SRR23053159	1	0
Premalignant/Gum+MouthOther	SRR23053160	1	0
Premalignant/Gum+MouthOther	SRR23053161	1	0
Premalignant/Gum+MouthOther	SRR23053162	1	0
Premalignant/Gum+MouthOther	SRR23053163	1	0
Premalignant/Gum+MouthOther	SRR23053164	1	0
Premalignant/Gum+MouthOther	SRR23053165	1	0
Premalignant/Gum+MouthOther	SRR23053166	1	0
Premalignant/Gum+MouthOther	SRR23053167	1	0
Premalignant/Gum+MouthOther	SRR23053168	1	0
Premalignant/Gum+MouthOther	SRR23053169	1	0
Premalignant/Gum+MouthOther	SRR23053170	1	0
Premalignant/Gum+MouthOther	SRR23053171	1	0
Premalignant/Gum+MouthOther	SRR23053172	1	0
Premalignant/Gum+MouthOther	SRR23053173	1	0
Premalignant/Gum+MouthOther	SRR23053174	1	0
Premalignant/Gum+MouthOther	SRR23053175	1	0
Premalignant/Gum+MouthOther	SRR23053176	1	0
Premalignant/Gum+MouthOther	SRR23053177	1	0
Premalignant/Gum+MouthOther	SRR23053178	1	0
Premalignant/Gum+MouthOther	SRR23053179	1	0
Premalignant/Gum+MouthOther	SRR23053180	1	0
Premalignant/Gum+MouthOther	SRR23053181	1	0
Premalignant/Gum+MouthOther	SRR23053182	1	0
Premalignant/Gum+MouthOther	SRR23053183	1	0
Premalignant/Gum+MouthOther	SRR23053184	1	0
Premalignant/Gum+MouthOther	SRR23053185	1	0
Premalignant/Gum+MouthOther	SRR23053186	1	0
Premalignant/Gum+MouthOther	SRR23053187	1	0
Premalignant/Gum+MouthOther	SRR23053188	1	0
Premalignant/Gum+MouthOther	SRR23053189	1	0
Premalignant/Gum+MouthOther	SRR27993252	1	0
Premalignant/Gum+MouthOther	SRR27993253	1	0
Premalignant/Gum+MouthOther	SRR27993254	1	0
Premalignant/Gum+MouthOther	SRR27993255	1	0
Premalignant/Gum+MouthOther	SRR27993256	1	0
Tumors/Esophagus	ERR1141700	1	1
Tumors/Esophagus	ERR1141704	1	1
Tumors/Esophagus	ERR1141705	1	1
Tumors/Esophagus	ERR1141706	1	1
Tumors/Esophagus	ERR1141707	1	1
Tumors/Esophagus	ERR1141708	1	1
Tumors/Esophagus	ERR1141709	1	1
Tumors/Esophagus	ERR1141710	1	1
Tumors/Esophagus	ERR1141711	1	1
Tumors/Esophagus	ERR1141712	1	1
Tumors/Esophagus	ERR1141713	1	1
Tumors/Esophagus	ERR1141714	1	1
Tumors/Esophagus	ERR1141715	1	1
Tumors/Esophagus	ERR1141716	1	1
Tumors/Esophagus	ERR1141717	1	1
Tumors/Esophagus	ERR1141718	1	1
Tumors/Esophagus	ERR1141719	1	1
Tumors/Esophagus	ERR3728075	1	1
Tumors/Esophagus	ERR3728076	1	1
Tumors/Esophagus	SRR3880241	1	0
Tumors/Esophagus	SRR4306272	1	0
Tumors/Esophagus	SRR5230942	1	1
Tumors/Esophagus	SRR5230943	1	1
Tumors/Esophagus	SRR5230944	1	1
Tumors/Esophagus	SRR5230945	1	1
Tumors/Esophagus	SRR5230946	1	1
Tumors/Esophagus	SRR8762209	1	0
Tumors/Esophagus	SRR9304310	1	0
Tumors/Gallbladder	DRR253234	1	0
Tumors/Gallbladder	DRR253235	1	0
Tumors/Gallbladder	DRR253236	1	0
Tumors/Gallbladder	DRR253237	1	0
Tumors/Gallbladder	DRR253238	1	0
Tumors/Gallbladder	DRR253239	1	0
Tumors/Gallbladder	DRR253240	1	0
Tumors/Gallbladder	DRR253241	1	0
Tumors/Gallbladder	DRR253242	1	0
Tumors/Gallbladder	DRR253243	1	0
Tumors/Gallbladder	DRR253244	1	0
Tumors/Gallbladder	DRR253245	1	0
Tumors/Gallbladder	DRR253246	1	0
Tumors/Gallbladder	DRR253247	1	0
Tumors/Gallbladder	DRR253248	1	0
Tumors/Gallbladder	DRR253249	1	0
Tumors/Gallbladder	DRR253250	1	0
Tumors/Gallbladder	DRR253251	1	0
Tumors/Gallbladder	DRR253252	1	0
Tumors/Gallbladder	DRR253253	1	0
Tumors/Gallbladder	DRR253254	1	0
Tumors/Gallbladder	DRR253255	1	0
Tumors/Gallbladder	DRR253256	1	0
Tumors/Gallbladder	DRR253257	1	0
Tumors/Gallbladder	DRR253258	1	0
Tumors/Gallbladder	DRR253259	1	0
Tumors/Gallbladder	DRR253260	1	0
Tumors/Gallbladder	DRR253261	1	0
Tumors/Gallbladder	DRR253262	1	0
Tumors/Gallbladder	DRR253263	1	0
Tumors/Gallbladder	DRR253264	1	0
Tumors/Gallbladder	DRR253265	1	0
Tumors/Gallbladder	DRR253266	1	0
Tumors/Gallbladder	DRR253267	1	0
Tumors/Gallbladder	DRR253268	1	0
Tumors/Gallbladder	DRR253269	1	0
Tumors/Gallbladder	SRR10305488	1	0
Tumors/Gallbladder	SRR10305490	1	0
Tumors/Gallbladder	SRR10305502	1	0
Tumors/Gallbladder	SRR10305524	1	0
Tumors/Gallbladder	SRR10305526	1	0
Tumors/Gallbladder	SRR10305528	1	0
Tumors/Gallbladder	SRR10305530	1	0
Tumors/Gallbladder	SRR10305532	1	0
Tumors/Gallbladder	SRR10305534	1	0
Tumors/Gallbladder	SRR10305536	1	0
Tumors/Gallbladder	SRR10380718	1	0
Tumors/Gallbladder	SRR10380720	1	0
Tumors/Gallbladder	SRR10380722	1	0
Tumors/Gallbladder	SRR10380724	1	0
Tumors/Gallbladder	SRR10380726	1	0
Tumors/Gallbladder	SRR10380728	1	0
Tumors/Gallbladder	SRR10380730	1	0
Tumors/Gallbladder	SRR10380732	1	0
Tumors/Gallbladder	SRR10380734	1	0
Tumors/Gallbladder	SRR10380736	1	0
Tumors/Gallbladder	SRR13729785	1	0
Tumors/Gallbladder	SRR13729786	1	0
Tumors/Gallbladder	SRR13729787	1	0
Tumors/Gallbladder	SRR13729788	1	0
Tumors/Gallbladder	SRR13729789	1	0
Tumors/Gallbladder	SRR15963863	1	0
Tumors/Gallbladder	SRR19139546	1	0
Tumors/Gallbladder	SRR19139547	1	0
Tumors/Gallbladder	SRR19139548	1	0
Tumors/Gallbladder	SRR19139549	1	0
Tumors/Gallbladder	SRR19139550	1	0
Tumors/Gallbladder	SRR19139551	1	0
Tumors/Gallbladder	SRR19139552	1	0
Tumors/Gallbladder	SRR19139553	1	0
Tumors/Gallbladder	SRR19139554	1	0
Tumors/Gallbladder	SRR19139555	1	0
Tumors/Gallbladder	SRR19139556	1	0
Tumors/Gallbladder	SRR19139557	1	0
Tumors/Gallbladder	SRR19139558	1	0
Tumors/Gallbladder	SRR25998611	1	0
Tumors/Gallbladder	SRR25998612	1	0
Tumors/Gallbladder	SRR25998613	1	0
Tumors/Gallbladder	SRR25998614	1	0
Tumors/Gallbladder	SRR25998615	1	0
Tumors/Gallbladder	SRR25998616	1	0
Tumors/Gallbladder	SRR25998621	1	0
Tumors/Gallbladder	SRR25998622	1	0
Tumors/Gallbladder	SRR30633528	1	0
Tumors/Gallbladder	SRR30633529	1	0
Tumors/Gallbladder	SRR30633530	1	0
Tumors/Gallbladder	SRR30633531	1	0
Tumors/Gallbladder	SRR30633532	1	0
Tumors/Gallbladder	SRR32560242	1	0
Tumors/Gallbladder	SRR32560243	1	0
Tumors/Gallbladder	SRR32560244	1	0
Tumors/Gallbladder	SRR32974236	1	1
Tumors/Gallbladder	SRR32974237	1	1
Tumors/Gallbladder	SRR32974238	1	1
Tumors/Gallbladder	SRR32974239	1	1
Tumors/Gallbladder	SRR32974240	1	1
Tumors/Gallbladder	SRR32974241	1	1
Tumors/Gallbladder	SRR32974242	1	1
Tumors/Gallbladder	SRR32974243	1	1
Tumors/Gallbladder	SRR32974250	1	1
Tumors/Gallbladder	SRR32974251	1	1
Tumors/Gallbladder	SRR32974252	1	1
Tumors/Gallbladder	SRR32974253	1	1
Tumors/Gallbladder	SRR32974254	1	1
Tumors/Gallbladder	SRR5742687	1	0
Tumors/Gallbladder	SRR5742689	1	0
Tumors/Gallbladder	SRR5742691	1	0
Tumors/Gallbladder	SRR5742693	1	0
Tumors/Gallbladder	SRR9203716	1	0
Tumors/Gallbladder	SRR9203717	1	0
Tumors/Gallbladder	SRR9203719	1	0
Tumors/Gallbladder	SRR9203720	1	0
Tumors/Gallbladder	SRR9203722	1	0
Tumors/Gallbladder	SRR9203723	1	0
Tumors/Gum+MouthOther	ERR2278845	0	1
Tumors/Gum+MouthOther	ERR2278846	0	1
Tumors/Gum+MouthOther	ERR2278847	0	1
Tumors/Gum+MouthOther	ERR2278848	1	1
Tumors/Gum+MouthOther	ERR2278849	1	1
Tumors/Gum+MouthOther	ERR2278850	0	1
Tumors/Gum+MouthOther	ERR2278851	1	1
Tumors/Gum+MouthOther	ERR2278852	0	1
Tumors/Gum+MouthOther	ERR2278853	1	1
Tumors/Gum+MouthOther	ERR2278854	0	1
Tumors/Gum+MouthOther	ERR2278855	0	1
Tumors/Gum+MouthOther	ERR2278856	0	1
Tumors/Gum+MouthOther	ERR2278857	1	1
Tumors/Gum+MouthOther	ERR2278858	1	1
Tumors/Gum+MouthOther	ERR2278859	0	1
Tumors/Gum+MouthOther	ERR2278860	1	1
Tumors/Gum+MouthOther	ERR2278861	0	1
Tumors/Gum+MouthOther	ERR2278862	0	1
Tumors/Gum+MouthOther	ERR2278863	1	1
Tumors/Gum+MouthOther	ERR2278864	1	1
Tumors/Gum+MouthOther	ERR2278865	0	1
Tumors/Gum+MouthOther	ERR2278866	0	1
Tumors/Gum+MouthOther	ERR2278867	1	1
Tumors/Gum+MouthOther	ERR2278868	0	1
Tumors/Gum+MouthOther	ERR2278869	0	1
Tumors/Gum+MouthOther	ERR2278870	1	1
Tumors/Gum+MouthOther	ERR2278871	1	1
Tumors/Gum+MouthOther	ERR2278872	1	0
Tumors/Gum+MouthOther	ERR2278873	0	1
Tumors/Gum+MouthOther	ERR2278874	0	1
Tumors/Gum+MouthOther	ERR2278875	1	1
Tumors/Gum+MouthOther	ERR2278876	0	1
Tumors/Gum+MouthOther	ERR2278877	0	1
Tumors/Gum+MouthOther	ERR2278878	0	1
Tumors/Gum+MouthOther	ERR2278879	1	1
Tumors/Gum+MouthOther	ERR2278880	0	1
Tumors/Gum+MouthOther	ERR2278881	0	1
Tumors/Gum+MouthOther	ERR2278882	0	1
Tumors/Gum+MouthOther	ERR2278883	0	1
Tumors/Gum+MouthOther	ERR2278884	0	1
Tumors/Gum+MouthOther	ERR2278885	0	1
Tumors/Gum+MouthOther	ERR649020	1	1
Tumors/Gum+MouthOther	ERR649024	1	1
Tumors/Gum+MouthOther	ERR649025	1	1
Tumors/Gum+MouthOther	ERR649027	1	1
Tumors/Gum+MouthOther	ERR649032	1	1
Tumors/Gum+MouthOther	ERR649036	1	1
Tumors/Gum+MouthOther	ERR649040	1	1
Tumors/Gum+MouthOther	ERR649042	1	1
Tumors/Gum+MouthOther	ERR649044	1	1
Tumors/Gum+MouthOther	ERR649045	1	1
Tumors/Gum+MouthOther	ERR649048	1	1
Tumors/Gum+MouthOther	ERR649051	1	1
Tumors/Gum+MouthOther	ERR649054	1	1
Tumors/Gum+MouthOther	ERR649056	1	1
Tumors/Gum+MouthOther	ERR649061	1	1
Tumors/Gum+MouthOther	ERR649065	1	1
Tumors/Gum+MouthOther	ERR649068	1	1
Tumors/Gum+MouthOther	ERR649071	1	1
Tumors/Gum+MouthOther	ERR649074	1	1
Tumors/Gum+MouthOther	SRR10502313	0	1
Tumors/Gum+MouthOther	SRR10502314	0	1
Tumors/Gum+MouthOther	SRR10502315	1	1
Tumors/Gum+MouthOther	SRR11783208	1	1
Tumors/Gum+MouthOther	SRR11783209	1	1
Tumors/Gum+MouthOther	SRR11783210	1	1
Tumors/Gum+MouthOther	SRR11783211	1	1
Tumors/Gum+MouthOther	SRR11783212	1	1
Tumors/Gum+MouthOther	SRR12450087	1	1
Tumors/Gum+MouthOther	SRR12450088	1	1
Tumors/Gum+MouthOther	SRR12450089	1	1
Tumors/Gum+MouthOther	SRR12450090	1	1
Tumors/Gum+MouthOther	SRR12450091	1	1
Tumors/Gum+MouthOther	SRR12450092	1	1
Tumors/Gum+MouthOther	SRR12450093	1	1
Tumors/Gum+MouthOther	SRR12450094	1	1
Tumors/Gum+MouthOther	SRR12450095	1	1
Tumors/Gum+MouthOther	SRR12450096	1	1
Tumors/Gum+MouthOther	SRR14740626	0	1
Tumors/Gum+MouthOther	SRR14740627	0	1
Tumors/Gum+MouthOther	SRR14740628	0	1
Tumors/Gum+MouthOther	SRR14740629	1	1
Tumors/Gum+MouthOther	SRR14740630	1	1
Tumors/Gum+MouthOther	SRR14740631	1	1
Tumors/Gum+MouthOther	SRR14740632	0	1
Tumors/Gum+MouthOther	SRR14740633	0	1
Tumors/Gum+MouthOther	SRR14740634	1	1
Tumors/Gum+MouthOther	SRR16013048	0	1
Tumors/Gum+MouthOther	SRR16013050	0	1
Tumors/Gum+MouthOther	SRR16013052	1	1
Tumors/Gum+MouthOther	SRR16013056	0	1
Tumors/Gum+MouthOther	SRR16013059	0	1
Tumors/Gum+MouthOther	SRR16013061	1	1
Tumors/Gum+MouthOther	SRR16013064	0	1
Tumors/Gum+MouthOther	SRR16013065	0	1
Tumors/Gum+MouthOther	SRR16013067	0	1
Tumors/Gum+MouthOther	SRR16013070	0	1
Tumors/Gum+MouthOther	SRR16013078	0	1
Tumors/Gum+MouthOther	SRR16013079	0	1
Tumors/Gum+MouthOther	SRR16013080	0	1
Tumors/Gum+MouthOther	SRR16013082	0	1
Tumors/Gum+MouthOther	SRR16013083	0	1
Tumors/Gum+MouthOther	SRR16013084	0	1
Tumors/Gum+MouthOther	SRR16013088	0	1
Tumors/Gum+MouthOther	SRR16612818	1	1
Tumors/Gum+MouthOther	SRR16612820	1	1
Tumors/Gum+MouthOther	SRR16612822	1	1
Tumors/Gum+MouthOther	SRR16612824	1	1
Tumors/Gum+MouthOther	SRR16612826	1	1
Tumors/Gum+MouthOther	SRR16612827	1	1
Tumors/Gum+MouthOther	SRR16612829	1	1
Tumors/Gum+MouthOther	SRR16612832	1	1
Tumors/Gum+MouthOther	SRR16612834	1	1
Tumors/Gum+MouthOther	SRR16612835	1	1
Tumors/Gum+MouthOther	SRR16612837	1	1
Tumors/Gum+MouthOther	SRR16612840	1	1
Tumors/Gum+MouthOther	SRR16612842	1	1
Tumors/Gum+MouthOther	SRR16612843	1	1
Tumors/Gum+MouthOther	SRR16612845	1	1
Tumors/Gum+MouthOther	SRR16612848	1	1
Tumors/Gum+MouthOther	SRR16612850	1	1
Tumors/Gum+MouthOther	SRR16940415	1	1
Tumors/Gum+MouthOther	SRR16940419	1	1
Tumors/Gum+MouthOther	SRR16940424	1	1
Tumors/Gum+MouthOther	SRR16940428	1	1
Tumors/Gum+MouthOther	SRR16940429	1	1
Tumors/Gum+MouthOther	SRR16940431	1	1
Tumors/Gum+MouthOther	SRR16940439	1	1
Tumors/Gum+MouthOther	SRR16940448	1	1
Tumors/Gum+MouthOther	SRR16940454	1	1
Tumors/Gum+MouthOther	SRR16940459	1	1
Tumors/Gum+MouthOther	SRR16940463	1	1
Tumors/Gum+MouthOther	SRR20313708	1	1
Tumors/Gum+MouthOther	SRR20313709	1	1
Tumors/Gum+MouthOther	SRR20313712	1	1
Tumors/Gum+MouthOther	SRR20313713	1	1
Tumors/Gum+MouthOther	SRR20313714	1	1
Tumors/Gum+MouthOther	SRR20313715	1	1
Tumors/Gum+MouthOther	SRR20313716	1	1
Tumors/Gum+MouthOther	SRR20313717	1	1
Tumors/Gum+MouthOther	SRR20313718	1	1
Tumors/Gum+MouthOther	SRR20313719	1	1
Tumors/Gum+MouthOther	SRR20313720	1	1
Tumors/Gum+MouthOther	SRR20313721	1	1
Tumors/Gum+MouthOther	SRR20313722	1	1
Tumors/Gum+MouthOther	SRR20313723	1	1
Tumors/Gum+MouthOther	SRR20313724	1	1
Tumors/Gum+MouthOther	SRR20313726	1	1
Tumors/Gum+MouthOther	SRR20313728	1	1
Tumors/Gum+MouthOther	SRR20313729	1	1
Tumors/Gum+MouthOther	SRR20313730	1	1
Tumors/Gum+MouthOther	SRR20313731	1	1
Tumors/Gum+MouthOther	SRR20313732	1	1
Tumors/Gum+MouthOther	SRR20313733	1	1
Tumors/Gum+MouthOther	SRR20313734	1	1
Tumors/Gum+MouthOther	SRR20313735	1	1
Tumors/Gum+MouthOther	SRR2094282	1	1
Tumors/Gum+MouthOther	SRR2094285	1	1
Tumors/Gum+MouthOther	SRR22149443	1	1
Tumors/Gum+MouthOther	SRR22149444	1	1
Tumors/Gum+MouthOther	SRR22149445	1	1
Tumors/Gum+MouthOther	SRR22149446	1	1
Tumors/Gum+MouthOther	SRR22149447	1	1
Tumors/Gum+MouthOther	SRR22149448	1	1
Tumors/Gum+MouthOther	SRR22827417	1	1
Tumors/Gum+MouthOther	SRR22827418	1	1
Tumors/Gum+MouthOther	SRR22827424	1	1
Tumors/Gum+MouthOther	SRR23053052	1	1
Tumors/Gum+MouthOther	SRR23053053	1	1
Tumors/Gum+MouthOther	SRR23053054	1	1
Tumors/Gum+MouthOther	SRR23053055	1	1
Tumors/Gum+MouthOther	SRR23053056	1	1
Tumors/Gum+MouthOther	SRR23053057	1	1
Tumors/Gum+MouthOther	SRR23053058	1	1
Tumors/Gum+MouthOther	SRR23053059	1	1
Tumors/Gum+MouthOther	SRR23053060	1	1
Tumors/Gum+MouthOther	SRR23053061	1	0
Tumors/Gum+MouthOther	SRR23053062	1	1
Tumors/Gum+MouthOther	SRR23053063	1	1
Tumors/Gum+MouthOther	SRR23053064	1	1
Tumors/Gum+MouthOther	SRR23053065	1	1
Tumors/Gum+MouthOther	SRR23053066	1	1
Tumors/Gum+MouthOther	SRR23053067	1	1
Tumors/Gum+MouthOther	SRR23053068	1	1
Tumors/Gum+MouthOther	SRR23053069	1	1
Tumors/Gum+MouthOther	SRR23053070	1	1
Tumors/Gum+MouthOther	SRR23053071	1	1
Tumors/Gum+MouthOther	SRR23053072	1	1
Tumors/Gum+MouthOther	SRR23053073	1	1
Tumors/Gum+MouthOther	SRR23053074	1	1
Tumors/Gum+MouthOther	SRR23053075	1	1
Tumors/Gum+MouthOther	SRR23053076	1	1
Tumors/Gum+MouthOther	SRR23053077	1	1
Tumors/Gum+MouthOther	SRR23053078	1	1
Tumors/Gum+MouthOther	SRR23053079	1	1
Tumors/Gum+MouthOther	SRR23053080	1	1
Tumors/Gum+MouthOther	SRR23053081	1	1
Tumors/Gum+MouthOther	SRR23053082	1	1
Tumors/Gum+MouthOther	SRR23053083	1	1
Tumors/Gum+MouthOther	SRR23053084	1	1
Tumors/Gum+MouthOther	SRR23053085	1	1
Tumors/Gum+MouthOther	SRR23053086	1	1
Tumors/Gum+MouthOther	SRR23053087	1	1
Tumors/Gum+MouthOther	SRR23053088	1	1
Tumors/Gum+MouthOther	SRR23053089	1	1
Tumors/Gum+MouthOther	SRR23053090	1	1
Tumors/Gum+MouthOther	SRR23053091	1	1
Tumors/Gum+MouthOther	SRR23053092	1	1
Tumors/Gum+MouthOther	SRR23053093	1	1
Tumors/Gum+MouthOther	SRR23053094	1	1
Tumors/Gum+MouthOther	SRR23053095	1	1
Tumors/Gum+MouthOther	SRR23053096	1	1
Tumors/Gum+MouthOther	SRR23053097	1	1
Tumors/Gum+MouthOther	SRR23053098	1	1
Tumors/Gum+MouthOther	SRR23053099	1	1
Tumors/Gum+MouthOther	SRR23053100	1	1
Tumors/Gum+MouthOther	SRR23053101	1	1
Tumors/Gum+MouthOther	SRR23053102	1	1
Tumors/Gum+MouthOther	SRR23053124	1	1
Tumors/Gum+MouthOther	SRR23053125	1	1
Tumors/Gum+MouthOther	SRR23053126	1	1
Tumors/Gum+MouthOther	SRR23053127	1	1
Tumors/Gum+MouthOther	SRR23053128	1	1
Tumors/Gum+MouthOther	SRR23053129	1	1
Tumors/Gum+MouthOther	SRR23053130	1	1
Tumors/Gum+MouthOther	SRR23053131	1	1
Tumors/Gum+MouthOther	SRR23053132	1	1
Tumors/Gum+MouthOther	SRR23053133	1	1
Tumors/Gum+MouthOther	SRR23053134	1	1
Tumors/Gum+MouthOther	SRR23053135	1	1
Tumors/Gum+MouthOther	SRR23053136	1	1
Tumors/Gum+MouthOther	SRR23053137	1	1
Tumors/Gum+MouthOther	SRR23053138	1	1
Tumors/Gum+MouthOther	SRR23053139	1	1
Tumors/Gum+MouthOther	SRR23053140	1	1
Tumors/Gum+MouthOther	SRR23053141	1	1
Tumors/Gum+MouthOther	SRR24889140	1	0
Tumors/Gum+MouthOther	SRR24889142	1	0
Tumors/Gum+MouthOther	SRR24889144	1	0
Tumors/Gum+MouthOther	SRR24889146	1	0
Tumors/Gum+MouthOther	SRR24889150	1	0
Tumors/Gum+MouthOther	SRR24889152	1	0
Tumors/Gum+MouthOther	SRR24889156	1	0
Tumors/Gum+MouthOther	SRR24889158	1	0
Tumors/Gum+MouthOther	SRR24889160	1	0
Tumors/Gum+MouthOther	SRR24889162	1	0
Tumors/Gum+MouthOther	SRR24889164	1	0
Tumors/Gum+MouthOther	SRR25043610	1	1
Tumors/Gum+MouthOther	SRR25043611	1	1
Tumors/Gum+MouthOther	SRR25043612	1	1
Tumors/Gum+MouthOther	SRR25043615	1	1
Tumors/Gum+MouthOther	SRR25043616	1	1
Tumors/Gum+MouthOther	SRR25043619	1	1
Tumors/Gum+MouthOther	SRR25043620	1	1
Tumors/Gum+MouthOther	SRR25043621	1	1
Tumors/Gum+MouthOther	SRR25043622	1	1
Tumors/Gum+MouthOther	SRR25043623	1	1
Tumors/Gum+MouthOther	SRR25043624	1	1
Tumors/Gum+MouthOther	SRR25043625	1	1
Tumors/Gum+MouthOther	SRR25043626	1	1
Tumors/Gum+MouthOther	SRR25043627	1	1
Tumors/Gum+MouthOther	SRR25043628	1	1
Tumors/Gum+MouthOther	SRR25043629	1	1
Tumors/Gum+MouthOther	SRR25043630	1	1
Tumors/Gum+MouthOther	SRR25043631	1	1
Tumors/Gum+MouthOther	SRR25043632	1	1
Tumors/Gum+MouthOther	SRR25043633	1	1
Tumors/Gum+MouthOther	SRR25043634	1	1
Tumors/Gum+MouthOther	SRR25043635	1	1
Tumors/Gum+MouthOther	SRR27993247	1	1
Tumors/Gum+MouthOther	SRR27993248	1	1
Tumors/Gum+MouthOther	SRR27993249	1	1
Tumors/Gum+MouthOther	SRR27993250	1	1
Tumors/Gum+MouthOther	SRR27993251	1	1
Tumors/Gum+MouthOther	SRR30168944	1	1
Tumors/Gum+MouthOther	SRR30168945	1	1
Tumors/Gum+MouthOther	SRR30291125	1	0
Tumors/Gum+MouthOther	SRR30291178	1	0
Tumors/Gum+MouthOther	SRR30291180	1	0
Tumors/Gum+MouthOther	SRR30291182	1	0
Tumors/Gum+MouthOther	SRR30291191	1	0
Tumors/Gum+MouthOther	SRR30291193	1	0
Tumors/Gum+MouthOther	SRR30787015	0	1
Tumors/Gum+MouthOther	SRR30787016	1	1
Tumors/Gum+MouthOther	SRR30787017	1	1
Tumors/Gum+MouthOther	SRR30787018	0	1
Tumors/Gum+MouthOther	SRR30787019	1	1
Tumors/Gum+MouthOther	SRR30787020	1	1
Tumors/Gum+MouthOther	SRR30787021	1	1
Tumors/Gum+MouthOther	SRR30787022	0	1
Tumors/Gum+MouthOther	SRR30787023	1	1
Tumors/Gum+MouthOther	SRR30787024	1	1
Tumors/Gum+MouthOther	SRR30787025	1	1
Tumors/Gum+MouthOther	SRR30787026	1	1
Tumors/Gum+MouthOther	SRR30787027	1	1
Tumors/Gum+MouthOther	SRR30787028	1	1
Tumors/Gum+MouthOther	SRR30787029	1	1
Tumors/Gum+MouthOther	SRR30787030	1	1
Tumors/Gum+MouthOther	SRR30787031	0	1
Tumors/Gum+MouthOther	SRR30787032	1	1
Tumors/Gum+MouthOther	SRR30787033	1	1
Tumors/Gum+MouthOther	SRR30787034	1	1
Tumors/Gum+MouthOther	SRR30787035	1	1
Tumors/Gum+MouthOther	SRR30787036	1	1
Tumors/Gum+MouthOther	SRR30787037	0	1
Tumors/Gum+MouthOther	SRR30787038	1	1
Tumors/Gum+MouthOther	SRR30787039	0	1
Tumors/Gum+MouthOther	SRR30787040	1	1
Tumors/Gum+MouthOther	SRR30787041	1	1
Tumors/Gum+MouthOther	SRR30787042	1	1
Tumors/Gum+MouthOther	SRR30787043	1	1
Tumors/Gum+MouthOther	SRR30787044	1	1
Tumors/Gum+MouthOther	SRR30787045	1	1
Tumors/Gum+MouthOther	SRR30787046	1	1
Tumors/Gum+MouthOther	SRR30787047	1	1
Tumors/Gum+MouthOther	SRR30787048	1	1
Tumors/Gum+MouthOther	SRR30787049	1	1
Tumors/Gum+MouthOther	SRR30787050	1	1
Tumors/Gum+MouthOther	SRR30787051	1	1
Tumors/Gum+MouthOther	SRR30787052	1	1
Tumors/Gum+MouthOther	SRR30787053	1	1
Tumors/Gum+MouthOther	SRR30787054	1	1
Tumors/Gum+MouthOther	SRR30787055	1	1
Tumors/Gum+MouthOther	SRR30787056	1	1
Tumors/Gum+MouthOther	SRR30787057	0	1
Tumors/Gum+MouthOther	SRR30787058	0	1
Tumors/Gum+MouthOther	SRR30787059	1	1
Tumors/Gum+MouthOther	SRR30787060	1	1
Tumors/Gum+MouthOther	SRR30787061	1	1
Tumors/Gum+MouthOther	SRR30787062	1	1
Tumors/Gum+MouthOther	SRR30787063	1	1
Tumors/Gum+MouthOther	SRR30787064	1	1
Tumors/Gum+MouthOther	SRR30787065	0	1
Tumors/Gum+MouthOther	SRR30787066	1	1
Tumors/Gum+MouthOther	SRR30787067	1	1
Tumors/Gum+MouthOther	SRR30787068	1	1
Tumors/Gum+MouthOther	SRR30787069	1	1
Tumors/Gum+MouthOther	SRR30787070	1	1
Tumors/Gum+MouthOther	SRR30787071	1	1
Tumors/Gum+MouthOther	SRR30787072	1	1
Tumors/Gum+MouthOther	SRR30787073	1	1
Tumors/Gum+MouthOther	SRR30787074	0	1
Tumors/Gum+MouthOther	SRR30787075	1	1
Tumors/Gum+MouthOther	SRR30787076	1	1
Tumors/Gum+MouthOther	SRR30787077	1	1
Tumors/Gum+MouthOther	SRR30787078	1	1
Tumors/Gum+MouthOther	SRR30787079	1	1
Tumors/Gum+MouthOther	SRR30787080	1	1
Tumors/Gum+MouthOther	SRR30787081	1	1
Tumors/Gum+MouthOther	SRR30787082	0	1
Tumors/Gum+MouthOther	SRR30787083	1	1
Tumors/Gum+MouthOther	SRR30787084	1	1
Tumors/Gum+MouthOther	SRR30787085	1	1
Tumors/Gum+MouthOther	SRR30787086	1	1
Tumors/Gum+MouthOther	SRR30787087	1	1
Tumors/Gum+MouthOther	SRR30787088	1	1
Tumors/Gum+MouthOther	SRR30787089	1	1
Tumors/Gum+MouthOther	SRR30787090	1	1
Tumors/Gum+MouthOther	SRR30787091	1	1
Tumors/Gum+MouthOther	SRR30787092	1	1
Tumors/Gum+MouthOther	SRR30787093	1	1
Tumors/Gum+MouthOther	SRR30787094	1	1
Tumors/Gum+MouthOther	SRR30787095	1	1
Tumors/Gum+MouthOther	SRR30787096	0	1
Tumors/Gum+MouthOther	SRR30787097	1	1
Tumors/Gum+MouthOther	SRR30787098	1	1
Tumors/Gum+MouthOther	SRR30787099	1	1
Tumors/Gum+MouthOther	SRR30787100	0	1
Tumors/Gum+MouthOther	SRR30787101	0	1
Tumors/Gum+MouthOther	SRR30787102	0	1
Tumors/Gum+MouthOther	SRR30787103	1	1
Tumors/Gum+MouthOther	SRR30787104	1	1
Tumors/Gum+MouthOther	SRR30787105	1	1
Tumors/Gum+MouthOther	SRR30787106	1	1
Tumors/Gum+MouthOther	SRR30787107	1	1
Tumors/Gum+MouthOther	SRR30787108	1	1
Tumors/Gum+MouthOther	SRR30787110	0	1
Tumors/Gum+MouthOther	SRR30787111	0	1
Tumors/Gum+MouthOther	SRR30787112	1	1
Tumors/Gum+MouthOther	SRR30787113	1	1
Tumors/Gum+MouthOther	SRR30787114	1	1
Tumors/Gum+MouthOther	SRR30787115	1	1
Tumors/Gum+MouthOther	SRR30787116	1	1
Tumors/Gum+MouthOther	SRR30787117	0	1
Tumors/Gum+MouthOther	SRR30787118	1	1
Tumors/Gum+MouthOther	SRR30787119	0	1
Tumors/Gum+MouthOther	SRR30787120	0	1
Tumors/Gum+MouthOther	SRR30787121	1	1
Tumors/Gum+MouthOther	SRR30787122	1	1
Tumors/Gum+MouthOther	SRR8762161	1	0
Tumors/Gum+MouthOther	SRR8762463	1	0
Tumors/Gum+MouthOther	SRR8762631	1	0
Tumors/Gum+MouthOther	SRR9054145	1	1
Tumors/Gum+MouthOther	SRR9054146	1	1
Tumors/Gum+MouthOther	SRR9054147	1	1
Tumors/Gum+MouthOther	SRR9054148	1	1
Tumors/Gum+MouthOther	SRR9054149	1	1
Tumors/Gum+MouthOther	SRR9054150	1	1
Tumors/Larynx	SRR10116266	1	1
Tumors/Larynx	SRR10116268	1	1
Tumors/Larynx	SRR10116270	1	1
Tumors/Larynx	SRR22060464	1	1
Tumors/Larynx	SRR22060465	1	1
Tumors/Larynx	SRR22060466	1	1
Tumors/Larynx	SRR22060467	1	1
Tumors/Larynx	SRR22060468	1	1
Tumors/Larynx	SRR22060469	1	1
Tumors/Larynx	SRR22060470	1	1
Tumors/Larynx	SRR22060471	1	1
Tumors/Larynx	SRR22060472	1	1
Tumors/Larynx	SRR22060476	1	1
Tumors/Larynx	SRR26186834	1	1
Tumors/Larynx	SRR26186840	1	1
Tumors/Larynx	SRR26186848	1	1
Tumors/Larynx	SRR26186851	1	1
Tumors/LungLargeCell	SRR17120878	1	1
Tumors/LungLargeCell	SRR17120901	1	1
Tumors/LungLargeCell	SRR1777846	1	1
Tumors/LungLargeCell	SRR1777866	1	1
Tumors/LungLargeCell	SRR1777869	1	1
Tumors/LungLargeCell	SRR2046423	1	1
Tumors/LungLargeCell	SRR2046425	1	1
Tumors/LungLargeCell	SRR2046426	1	1
Tumors/LungLargeCell	SRR2046430	1	1
Tumors/LungLargeCell	SRR2046431	1	1
Tumors/LungLargeCell	SRR2046433	1	1
Tumors/LungLargeCell	SRR24291673	1	1
Tumors/LungLargeCell	SRR27933520	1	0
Tumors/LungLargeCell	SRR27933665	1	0
Tumors/LungLargeCell	SRR3214871	1	0
Tumors/LungLargeCell	SRR3214899	1	0
Tumors/LungLargeCell	SRR3214900	1	0
Tumors/LungLargeCell	SRR3214901	1	0
Tumors/LungLargeCell	SRR3214902	1	0
Tumors/LungLargeCell	SRR3214903	1	0
Tumors/LungLargeCell	SRR3214904	1	0
Tumors/LungLargeCell	SRR3214905	1	0
Tumors/LungLargeCell	SRR3214906	1	0
Tumors/LungLargeCell	SRR923782	1	0
Tumors/LungLargeCell	SRR923783	1	0
Tumors/LungLargeCell	SRR923795	1	0
Tumors/MouthFloor	ERR2278855	1	0
Tumors/MouthFloor	ERR2278859	1	0
Tumors/MouthFloor	ERR2278861	1	0
Tumors/MouthFloor	ERR2278873	1	0
Tumors/MouthFloor	ERR2278874	1	0
Tumors/MouthFloor	ERR2278878	1	0
Tumors/MouthFloor	ERR2278880	1	0
Tumors/MouthFloor	ERR2278883	1	0
Tumors/MouthFloor	ERR2278884	1	0
Tumors/MouthFloor	ERR2278885	1	0
Tumors/MouthFloor	SRR14740633	1	0
Tumors/MouthFloor	SRR16013054	0	1
Tumors/MouthFloor	SRR16013072	0	1
Tumors/MouthFloor	SRR16013073	0	1
Tumors/MouthFloor	SRR16013074	0	1
Tumors/Oropharyngeal	ERR10031366	1	1
Tumors/Oropharyngeal	ERR10031367	1	1
Tumors/Oropharyngeal	ERR10031368	1	1
Tumors/Oropharyngeal	ERR10031369	1	1
Tumors/Oropharyngeal	ERR10031370	1	1
Tumors/Oropharyngeal	SRR11860526	1	1
Tumors/Oropharyngeal	SRR11860527	1	1
Tumors/Oropharyngeal	SRR11860529	1	1
Tumors/Oropharyngeal	SRR11860530	1	1
Tumors/Oropharyngeal	SRR11860531	1	1
Tumors/Oropharyngeal	SRR11860538	1	1
Tumors/Oropharyngeal	SRR12887239	1	1
Tumors/Oropharyngeal	SRR12887240	1	1
Tumors/Oropharyngeal	SRR12887241	1	1
Tumors/Oropharyngeal	SRR12887242	1	1
Tumors/Oropharyngeal	SRR12887243	1	1
Tumors/Oropharyngeal	SRR12887244	1	1
Tumors/Oropharyngeal	SRR12887245	1	1
Tumors/Oropharyngeal	SRR12887246	1	1
Tumors/Oropharyngeal	SRR21973884	1	0
Tumors/Oropharyngeal	SRR21973885	1	0
Tumors/Oropharyngeal	SRR21973886	1	0
Tumors/Oropharyngeal	SRR21973887	1	0
Tumors/Oropharyngeal	SRR21973888	1	0
Tumors/Oropharyngeal	SRR21973889	1	0
Tumors/Oropharyngeal	SRR21973890	1	0
Tumors/Oropharyngeal	SRR21973891	1	0
Tumors/Oropharyngeal	SRR21973892	1	0
Tumors/Oropharyngeal	SRR21973893	1	0
Tumors/Oropharyngeal	SRR21973894	1	0
Tumors/Oropharyngeal	SRR21973895	1	0
Tumors/Oropharyngeal	SRR21973896	1	0
Tumors/Oropharyngeal	SRR21973897	1	0
Tumors/Oropharyngeal	SRR21973898	1	0
Tumors/Oropharyngeal	SRR21973899	1	0
Tumors/Oropharyngeal	SRR21973900	1	0
Tumors/Oropharyngeal	SRR21973901	1	0
Tumors/Oropharyngeal	SRR21973902	1	0
Tumors/Oropharyngeal	SRR21973903	1	0
Tumors/Oropharyngeal	SRR21973904	1	0
Tumors/Oropharyngeal	SRR21973905	1	0
Tumors/Oropharyngeal	SRR21973906	1	0
Tumors/Oropharyngeal	SRR21973907	1	0
Tumors/Oropharyngeal	SRR21973908	1	0
Tumors/Oropharyngeal	SRR21973909	1	0
Tumors/Oropharyngeal	SRR21973910	1	0
Tumors/Oropharyngeal	SRR21973911	1	0
Tumors/Oropharyngeal	SRR21973912	1	0
Tumors/Oropharyngeal	SRR21973913	1	0
Tumors/Oropharyngeal	SRR21973914	1	0
Tumors/Oropharyngeal	SRR21973915	1	0
Tumors/Oropharyngeal	SRR21973916	1	0
Tumors/Oropharyngeal	SRR21973917	1	0
Tumors/Oropharyngeal	SRR21973918	1	0
Tumors/Oropharyngeal	SRR21973919	1	0
Tumors/Oropharyngeal	SRR21973920	1	0
Tumors/Oropharyngeal	SRR21973921	1	0
Tumors/Oropharyngeal	SRR21973922	1	0
Tumors/Oropharyngeal	SRR21973923	1	0
Tumors/Oropharyngeal	SRR21973924	1	0
Tumors/Oropharyngeal	SRR21973925	1	0
Tumors/Oropharyngeal	SRR21973926	1	0
Tumors/Oropharyngeal	SRR21973927	1	0
Tumors/Oropharyngeal	SRR21973928	1	0
Tumors/Oropharyngeal	SRR21973929	1	0
Tumors/Oropharyngeal	SRR21973930	1	0
Tumors/Oropharyngeal	SRR21973931	1	0
Tumors/Oropharyngeal	SRR21973932	1	0
Tumors/Oropharyngeal	SRR21973933	1	0
Tumors/Oropharyngeal	SRR21973934	1	0
Tumors/Oropharyngeal	SRR21973935	1	0
Tumors/Oropharyngeal	SRR21973936	1	0
Tumors/Oropharyngeal	SRR21973937	1	0
Tumors/Oropharyngeal	SRR21973938	1	0
Tumors/Oropharyngeal	SRR21973939	1	0
Tumors/Oropharyngeal	SRR21973940	1	0
Tumors/Oropharyngeal	SRR21973941	1	0
Tumors/Oropharyngeal	SRR21973942	1	0
Tumors/Oropharyngeal	SRR21973943	1	0
Tumors/Oropharyngeal	SRR21973944	1	0
Tumors/Oropharyngeal	SRR21973945	1	0
Tumors/Oropharyngeal	SRR21973946	1	0
Tumors/Oropharyngeal	SRR21973947	1	0
Tumors/Oropharyngeal	SRR21973948	1	0
Tumors/Oropharyngeal	SRR21973949	1	0
Tumors/Oropharyngeal	SRR21973950	1	0
Tumors/Oropharyngeal	SRR21973951	1	0
Tumors/Oropharyngeal	SRR21973952	1	0
Tumors/Oropharyngeal	SRR21973953	1	0
Tumors/Oropharyngeal	SRR21973954	1	0
Tumors/Oropharyngeal	SRR21973955	1	0
Tumors/Oropharyngeal	SRR21973956	1	0
Tumors/Oropharyngeal	SRR21973957	1	0
Tumors/Oropharyngeal	SRR21973958	1	0
Tumors/Oropharyngeal	SRR21973959	1	0
Tumors/Oropharyngeal	SRR21973960	1	0
Tumors/Oropharyngeal	SRR21973961	1	0
Tumors/Oropharyngeal	SRR21973962	1	0
Tumors/Oropharyngeal	SRR21973963	1	0
Tumors/Oropharyngeal	SRR21973964	1	0
Tumors/Oropharyngeal	SRR21973965	1	0
Tumors/Oropharyngeal	SRR21973966	1	0
Tumors/Oropharyngeal	SRR21973967	1	0
Tumors/Oropharyngeal	SRR21973968	1	0
Tumors/Oropharyngeal	SRR21973969	1	0
Tumors/Oropharyngeal	SRR21973970	1	0
Tumors/Oropharyngeal	SRR21973971	1	0
Tumors/Oropharyngeal	SRR21973972	1	0
Tumors/Oropharyngeal	SRR21973973	1	0
Tumors/Oropharyngeal	SRR21973974	1	0
Tumors/Oropharyngeal	SRR21973975	1	0
Tumors/Oropharyngeal	SRR21973976	1	0
Tumors/Oropharyngeal	SRR21973977	1	0
Tumors/Oropharyngeal	SRR21973978	1	0
Tumors/Oropharyngeal	SRR21973979	1	0
Tumors/Oropharyngeal	SRR21973980	1	0
Tumors/Oropharyngeal	SRR21973981	1	0
Tumors/Oropharyngeal	SRR21973982	1	0
Tumors/Oropharyngeal	SRR21973983	1	0
Tumors/Oropharyngeal	SRR21973984	1	0
Tumors/Oropharyngeal	SRR21973985	1	0
Tumors/Oropharyngeal	SRR21973986	1	0
Tumors/Oropharyngeal	SRR21973987	1	0
Tumors/Oropharyngeal	SRR21973988	1	0
Tumors/Oropharyngeal	SRR21973989	1	0
Tumors/Oropharyngeal	SRR21973990	1	0
Tumors/Oropharyngeal	SRR21973991	1	0
Tumors/Oropharyngeal	SRR21973992	1	0
Tumors/Oropharyngeal	SRR21973993	1	0
Tumors/Oropharyngeal	SRR21973994	1	0
Tumors/Oropharyngeal	SRR21973995	1	0
Tumors/Oropharyngeal	SRR21973996	1	0
Tumors/Oropharyngeal	SRR21973997	1	0
Tumors/Oropharyngeal	SRR21973998	1	0
Tumors/Oropharyngeal	SRR21973999	1	0
Tumors/Oropharyngeal	SRR21974000	1	0
Tumors/Oropharyngeal	SRR21974001	1	0
Tumors/Oropharyngeal	SRR21974002	1	0
Tumors/Oropharyngeal	SRR21974003	1	0
Tumors/Oropharyngeal	SRR21974004	1	0
Tumors/Oropharyngeal	SRR21974005	1	0
Tumors/Oropharyngeal	SRR21974006	1	0
Tumors/Oropharyngeal	SRR21974007	1	0
Tumors/Oropharyngeal	SRR21974008	1	0
Tumors/Oropharyngeal	SRR21974009	1	0
Tumors/Oropharyngeal	SRR21974010	1	0
Tumors/Oropharyngeal	SRR21974011	1	0
Tumors/Oropharyngeal	SRR21974012	1	0
Tumors/Oropharyngeal	SRR21974013	1	0
Tumors/Oropharyngeal	SRR21974014	1	0
Tumors/Oropharyngeal	SRR21974015	1	0
Tumors/Oropharyngeal	SRR21974016	1	0
Tumors/Oropharyngeal	SRR24511904	1	1
Tumors/Oropharyngeal	SRR24511905	1	1
Tumors/Oropharyngeal	SRR24511917	1	1
Tumors/Oropharyngeal	SRR24511919	1	1
Tumors/Oropharyngeal	SRR24511921	1	1
Tumors/Oropharyngeal	SRR24511928	1	1
Tumors/Oropharyngeal	SRR24511930	1	1
Tumors/Oropharyngeal	SRR24511940	1	1
Tumors/Oropharyngeal	SRR24511952	1	1
Tumors/Oropharyngeal	SRR24511963	1	1
Tumors/Oropharyngeal	SRR24511964	1	1
Tumors/Oropharyngeal	SRR25116202	1	0
Tumors/Oropharyngeal	SRR25116203	1	0
Tumors/Oropharyngeal	SRR25116204	1	0
Tumors/Oropharyngeal	SRR25116205	1	0
Tumors/Oropharyngeal	SRR25116206	1	0
Tumors/Oropharyngeal	SRR25116207	1	0
Tumors/Oropharyngeal	SRR25116208	1	0
Tumors/Oropharyngeal	SRR25116209	1	0
Tumors/Oropharyngeal	SRR25116210	1	0
Tumors/Oropharyngeal	SRR25116211	1	0
Tumors/Oropharyngeal	SRR25116212	1	0
Tumors/Oropharyngeal	SRR25116213	1	0
Tumors/Oropharyngeal	SRR25116214	1	0
Tumors/Oropharyngeal	SRR25116215	1	0
Tumors/Oropharyngeal	SRR25116216	1	0
Tumors/Oropharyngeal	SRR25116217	1	0
Tumors/Oropharyngeal	SRR25116218	1	0
Tumors/Oropharyngeal	SRR25116219	1	0
Tumors/Oropharyngeal	SRR25116220	1	0
Tumors/Oropharyngeal	SRR25116221	1	0
Tumors/Oropharyngeal	SRR25116222	1	0
Tumors/Oropharyngeal	SRR25116223	1	0
Tumors/Oropharyngeal	SRR25116224	1	0
Tumors/Oropharyngeal	SRR25116225	1	0
Tumors/Oropharyngeal	SRR25116226	1	0
Tumors/Oropharyngeal	SRR25116227	1	0
Tumors/Oropharyngeal	SRR25116228	1	0
Tumors/Oropharyngeal	SRR25116229	1	0
Tumors/Oropharyngeal	SRR25116230	1	0
Tumors/Oropharyngeal	SRR25116231	1	0
Tumors/Oropharyngeal	SRR25116232	1	0
Tumors/Oropharyngeal	SRR25116233	1	0
Tumors/Oropharyngeal	SRR25116234	1	0
Tumors/Oropharyngeal	SRR25116235	1	0
Tumors/Oropharyngeal	SRR25116236	1	0
Tumors/Oropharyngeal	SRR25116237	1	0
Tumors/Oropharyngeal	SRR25116238	1	0
Tumors/Oropharyngeal	SRR25116239	1	0
Tumors/Oropharyngeal	SRR25116240	1	0
Tumors/Oropharyngeal	SRR25116241	1	0
Tumors/Oropharyngeal	SRR25116242	1	0
Tumors/Oropharyngeal	SRR25116243	1	0
Tumors/Oropharyngeal	SRR25116244	1	0
Tumors/Oropharyngeal	SRR25116245	1	0
Tumors/Oropharyngeal	SRR25116246	1	0
Tumors/Oropharyngeal	SRR25116247	1	0
Tumors/Oropharyngeal	SRR25116248	1	0
Tumors/Oropharyngeal	SRR25116249	1	0
Tumors/Oropharyngeal	SRR25116250	1	0
Tumors/Oropharyngeal	SRR25116251	1	0
Tumors/Oropharyngeal	SRR25116252	1	0
Tumors/Oropharyngeal	SRR25116253	1	0
Tumors/Oropharyngeal	SRR25116254	1	0
Tumors/Oropharyngeal	SRR25116255	1	0
Tumors/Oropharyngeal	SRR25116256	1	0
Tumors/Oropharyngeal	SRR25116257	1	0
Tumors/Oropharyngeal	SRR25116258	1	0
Tumors/Oropharyngeal	SRR25116259	1	0
Tumors/Oropharyngeal	SRR25116260	1	0
Tumors/Oropharyngeal	SRR25116261	1	0
Tumors/Oropharyngeal	SRR25116262	1	0
Tumors/Oropharyngeal	SRR25116263	1	0
Tumors/Oropharyngeal	SRR25116264	1	0
Tumors/Oropharyngeal	SRR25116265	1	0
Tumors/Oropharyngeal	SRR25116266	1	0
Tumors/Oropharyngeal	SRR25116267	1	0
Tumors/Oropharyngeal	SRR25116268	1	0
Tumors/Oropharyngeal	SRR25116269	1	0
Tumors/Oropharyngeal	SRR25116270	1	0
Tumors/Oropharyngeal	SRR25116271	1	0
Tumors/Oropharyngeal	SRR25116272	1	0
Tumors/Oropharyngeal	SRR6860803	1	1
Tumors/Oropharyngeal	SRR6860804	1	1
Tumors/Oropharyngeal	SRR8762095	1	0
Tumors/Oropharyngeal	SRR8762131	1	0
Tumors/Oropharyngeal	SRR8762814	1	0
Tumors/Oropharyngeal	SRR8762820	1	0
Tumors/Oropharyngeal	SRR8764238	1	0
Tumors/Oropharyngeal	SRR9304325	1	0
Tumors/Pancreas	DRR182532	1	0
Tumors/Pancreas	DRR182533	1	0
Tumors/Pancreas	DRR182534	1	0
Tumors/Pancreas	DRR182535	1	0
Tumors/Pancreas	DRR182536	1	0
Tumors/Pancreas	DRR182537	1	0
Tumors/Pancreas	DRR182538	1	0
Tumors/Pancreas	DRR182539	1	0
Tumors/Pancreas	DRR182540	1	0
Tumors/Pancreas	DRR182541	1	0
Tumors/Pancreas	DRR182542	1	0
Tumors/Pancreas	DRR182543	1	0
Tumors/Pancreas	DRR182544	1	0
Tumors/Pancreas	DRR182545	1	0
Tumors/Pancreas	SRR10030979	1	0
Tumors/Pancreas	SRR10030980	1	0
Tumors/Pancreas	SRR10030981	1	0
Tumors/Pancreas	SRR10030982	1	0
Tumors/Pancreas	SRR10030983	1	0
Tumors/Pancreas	SRR10319860	1	0
Tumors/Pancreas	SRR10319862	1	0
Tumors/Pancreas	SRR10319864	1	0
Tumors/Pancreas	SRR11792167	1	0
Tumors/Pancreas	SRR11792168	1	0
Tumors/Pancreas	SRR11792169	1	0
Tumors/Pancreas	SRR11792170	1	1
Tumors/Pancreas	SRR14275251	1	0
Tumors/Pancreas	SRR14275252	1	0
Tumors/Pancreas	SRR14275253	1	0
Tumors/Pancreas	SRR14275254	1	0
Tumors/Pancreas	SRR14275255	1	0
Tumors/Pancreas	SRR14275256	1	0
Tumors/Pancreas	SRR14275257	1	0
Tumors/Pancreas	SRR14275258	1	0
Tumors/Pancreas	SRR14275259	1	0
Tumors/Pancreas	SRR14275260	1	0
Tumors/Pancreas	SRR14275261	1	0
Tumors/Pancreas	SRR14275262	1	0
Tumors/Pancreas	SRR14275263	1	0
Tumors/Pancreas	SRR14275264	1	0
Tumors/Pancreas	SRR14275265	1	0
Tumors/Pancreas	SRR14275266	1	0
Tumors/Pancreas	SRR14275267	1	0
Tumors/Pancreas	SRR14275268	1	0
Tumors/Pancreas	SRR14275269	1	0
Tumors/Pancreas	SRR14275270	1	0
Tumors/Pancreas	SRR14275271	1	0
Tumors/Pancreas	SRR14275272	1	0
Tumors/Pancreas	SRR14275273	1	0
Tumors/Pancreas	SRR14275274	1	0
Tumors/Pancreas	SRR14275275	1	0
Tumors/Pancreas	SRR14275276	1	0
Tumors/Pancreas	SRR14275277	1	0
Tumors/Pancreas	SRR14275278	1	0
Tumors/Pancreas	SRR14275279	1	0
Tumors/Pancreas	SRR14275280	1	0
Tumors/Pancreas	SRR14275281	1	0
Tumors/Pancreas	SRR14275282	1	0
Tumors/Pancreas	SRR14275283	1	0
Tumors/Pancreas	SRR14275284	1	0
Tumors/Pancreas	SRR14275285	1	0
Tumors/Pancreas	SRR14275286	1	0
Tumors/Pancreas	SRR14275287	1	0
Tumors/Pancreas	SRR14275288	1	0
Tumors/Pancreas	SRR14275289	1	0
Tumors/Pancreas	SRR14275290	1	0
Tumors/Pancreas	SRR14275291	1	0
Tumors/Pancreas	SRR14275292	1	0
Tumors/Pancreas	SRR14275293	1	0
Tumors/Pancreas	SRR14275294	1	0
Tumors/Pancreas	SRR14275295	1	0
Tumors/Pancreas	SRR14275296	1	0
Tumors/Pancreas	SRR14275297	1	0
Tumors/Pancreas	SRR14275298	1	1
Tumors/Pancreas	SRR14275299	1	0
Tumors/Pancreas	SRR14275300	1	0
Tumors/Pancreas	SRR14275301	1	0
Tumors/Pancreas	SRR14275302	1	0
Tumors/Pancreas	SRR14275303	1	0
Tumors/Pancreas	SRR14275304	1	0
Tumors/Pancreas	SRR14275305	1	0
Tumors/Pancreas	SRR14275306	1	0
Tumors/Pancreas	SRR14275307	1	0
Tumors/Pancreas	SRR14275308	1	0
Tumors/Pancreas	SRR14275309	1	0
Tumors/Pancreas	SRR14275310	1	0
Tumors/Pancreas	SRR14275311	1	0
Tumors/Pancreas	SRR14275312	1	0
Tumors/Pancreas	SRR15964342	1	1
Tumors/Pancreas	SRR15964343	1	1
Tumors/Pancreas	SRR15964344	1	1
Tumors/Pancreas	SRR15964345	1	1
Tumors/Pancreas	SRR15964346	1	1
Tumors/Pancreas	SRR15964347	1	1
Tumors/Pancreas	SRR15964348	1	1
Tumors/Pancreas	SRR15964349	1	1
Tumors/Pancreas	SRR15964350	1	1
Tumors/Pancreas	SRR15964351	1	1
Tumors/Pancreas	SRR15964352	1	1
Tumors/Pancreas	SRR15964353	1	1
Tumors/Pancreas	SRR16204430	1	0
Tumors/Pancreas	SRR16204431	1	0
Tumors/Pancreas	SRR16204432	1	0
Tumors/Pancreas	SRR16204433	1	0
Tumors/Pancreas	SRR16204438	1	0
Tumors/Pancreas	SRR16204439	1	0
Tumors/Pancreas	SRR1646784	1	0
Tumors/Pancreas	SRR1646785	1	0
Tumors/Pancreas	SRR1646786	1	0
Tumors/Pancreas	SRR1646787	1	0
Tumors/Pancreas	SRR1646788	1	0
Tumors/Pancreas	SRR1646789	1	0
Tumors/Pancreas	SRR1646790	1	0
Tumors/Pancreas	SRR1646791	1	0
Tumors/Pancreas	SRR17335068	1	0
Tumors/Pancreas	SRR17335070	1	0
Tumors/Pancreas	SRR17335072	1	0
Tumors/Pancreas	SRR17335074	1	0
Tumors/Pancreas	SRR17335076	1	0
Tumors/Pancreas	SRR17335078	1	0
Tumors/Pancreas	SRR17335080	1	0
Tumors/Pancreas	SRR17335082	1	0
Tumors/Pancreas	SRR17335084	1	0
Tumors/Pancreas	SRR17335086	1	0
Tumors/Pancreas	SRR17335088	1	0
Tumors/Pancreas	SRR17335090	1	0
Tumors/Pancreas	SRR17335091	1	0
Tumors/Pancreas	SRR17335093	1	0
Tumors/Pancreas	SRR19560204	1	1
Tumors/Pancreas	SRR19560205	1	0
Tumors/Pancreas	SRR19560206	1	0
Tumors/Pancreas	SRR19560207	1	0
Tumors/Pancreas	SRR19560208	1	0
Tumors/Pancreas	SRR19560209	1	0
Tumors/Pancreas	SRR19560210	1	0
Tumors/Pancreas	SRR19560211	1	0
Tumors/Pancreas	SRR19560212	1	0
Tumors/Pancreas	SRR19560213	1	0
Tumors/Pancreas	SRR19560214	1	0
Tumors/Pancreas	SRR19560215	1	0
Tumors/Pancreas	SRR19560216	1	1
Tumors/Pancreas	SRR19560217	1	0
Tumors/Pancreas	SRR19560218	1	0
Tumors/Pancreas	SRR19560219	1	0
Tumors/Pancreas	SRR19560220	1	0
Tumors/Pancreas	SRR19560221	1	0
Tumors/Pancreas	SRR19560222	1	0
Tumors/Pancreas	SRR19560223	1	0
Tumors/Pancreas	SRR20340168	1	0
Tumors/Pancreas	SRR20340169	1	0
Tumors/Pancreas	SRR20340170	1	0
Tumors/Pancreas	SRR20340171	1	0
Tumors/Pancreas	SRR20340172	1	0
Tumors/Pancreas	SRR20340173	1	0
Tumors/Pancreas	SRR20340174	1	0
Tumors/Pancreas	SRR20340175	1	0
Tumors/Pancreas	SRR20340176	1	0
Tumors/Pancreas	SRR20340177	1	0
Tumors/Pancreas	SRR20340178	1	0
Tumors/Pancreas	SRR20340179	1	0
Tumors/Pancreas	SRR20340180	1	0
Tumors/Pancreas	SRR20340181	1	0
Tumors/Pancreas	SRR20340182	1	0
Tumors/Pancreas	SRR20340183	1	0
Tumors/Pancreas	SRR20340184	1	0
Tumors/Pancreas	SRR20340185	1	1
Tumors/Pancreas	SRR20340186	1	1
Tumors/Pancreas	SRR20340187	1	0
Tumors/Pancreas	SRR20340188	1	0
Tumors/Pancreas	SRR20340189	1	0
Tumors/Pancreas	SRR20340190	1	0
Tumors/Pancreas	SRR20340191	1	0
Tumors/Pancreas	SRR20340192	1	0
Tumors/Pancreas	SRR20340193	1	0
Tumors/Pancreas	SRR20340194	1	0
Tumors/Pancreas	SRR20340195	1	0
Tumors/Pancreas	SRR20340196	1	0
Tumors/Pancreas	SRR20340197	1	0
Tumors/Pancreas	SRR20340198	1	0
Tumors/Pancreas	SRR20340199	1	0
Tumors/Pancreas	SRR20340200	1	0
Tumors/Pancreas	SRR20340201	1	0
Tumors/Pancreas	SRR20340202	1	0
Tumors/Pancreas	SRR20340203	1	0
Tumors/Pancreas	SRR20340204	1	0
Tumors/Pancreas	SRR20340205	1	0
Tumors/Pancreas	SRR20340206	1	0
Tumors/Pancreas	SRR20340207	1	0
Tumors/Pancreas	SRR20340208	1	0
Tumors/Pancreas	SRR20340209	1	0
Tumors/Pancreas	SRR20340210	1	0
Tumors/Pancreas	SRR20340211	1	0
Tumors/Pancreas	SRR20340212	1	0
Tumors/Pancreas	SRR20340213	1	0
Tumors/Pancreas	SRR20340214	1	0
Tumors/Pancreas	SRR20340215	1	0
Tumors/Pancreas	SRR20340216	1	0
Tumors/Pancreas	SRR20340217	1	0
Tumors/Pancreas	SRR20340218	1	0
Tumors/Pancreas	SRR20340219	1	0
Tumors/Pancreas	SRR20340220	1	0
Tumors/Pancreas	SRR20340221	1	1
Tumors/Pancreas	SRR20340222	1	0
Tumors/Pancreas	SRR20340223	1	0
Tumors/Pancreas	SRR20340224	1	0
Tumors/Pancreas	SRR20340225	1	0
Tumors/Pancreas	SRR20340226	1	0
Tumors/Pancreas	SRR20340227	1	0
Tumors/Pancreas	SRR20340228	1	0
Tumors/Pancreas	SRR20340229	1	0
Tumors/Pancreas	SRR20340230	1	0
Tumors/Pancreas	SRR20340231	1	0
Tumors/Pancreas	SRR20340232	1	0
Tumors/Pancreas	SRR20340233	1	0
Tumors/Pancreas	SRR20340234	1	0
Tumors/Pancreas	SRR20340235	1	0
Tumors/Pancreas	SRR20340236	1	0
Tumors/Pancreas	SRR20340237	1	0
Tumors/Pancreas	SRR20340238	1	0
Tumors/Pancreas	SRR20340239	1	0
Tumors/Pancreas	SRR20340240	1	0
Tumors/Pancreas	SRR20340241	1	0
Tumors/Pancreas	SRR20340242	1	0
Tumors/Pancreas	SRR20340243	1	0
Tumors/Pancreas	SRR20340244	1	0
Tumors/Pancreas	SRR20340245	1	0
Tumors/Pancreas	SRR20340246	1	0
Tumors/Pancreas	SRR20340247	1	0
Tumors/Pancreas	SRR20340248	1	0
Tumors/Pancreas	SRR20340249	1	0
Tumors/Pancreas	SRR20340250	1	0
Tumors/Pancreas	SRR20340251	1	0
Tumors/Pancreas	SRR20340252	1	0
Tumors/Pancreas	SRR20340253	1	0
Tumors/Pancreas	SRR20340254	1	0
Tumors/Pancreas	SRR20340255	1	0
Tumors/Pancreas	SRR20340256	1	0
Tumors/Pancreas	SRR20340257	1	0
Tumors/Pancreas	SRR20340258	1	0
Tumors/Pancreas	SRR20340259	1	0
Tumors/Pancreas	SRR20340260	1	0
Tumors/Pancreas	SRR20340261	1	0
Tumors/Pancreas	SRR20340262	1	0
Tumors/Pancreas	SRR20340263	1	0
Tumors/Pancreas	SRR20340264	1	1
Tumors/Pancreas	SRR20340265	1	0
Tumors/Pancreas	SRR20340266	1	0
Tumors/Pancreas	SRR20340267	1	0
Tumors/Pancreas	SRR20340268	1	0
Tumors/Pancreas	SRR20340269	1	0
Tumors/Pancreas	SRR21201291	1	0
Tumors/Pancreas	SRR21201388	1	0
Tumors/Pancreas	SRR21833004	1	0
Tumors/Pancreas	SRR21833006	1	0
Tumors/Pancreas	SRR21833013	1	0
Tumors/Pancreas	SRR21833014	1	0
Tumors/Pancreas	SRR21833016	1	0
Tumors/Pancreas	SRR21833017	1	0
Tumors/Pancreas	SRR21833019	1	0
Tumors/Pancreas	SRR21833020	1	0
Tumors/Pancreas	SRR21833021	1	0
Tumors/Pancreas	SRR23343827	1	0
Tumors/Pancreas	SRR23343828	1	0
Tumors/Pancreas	SRR23343829	1	1
Tumors/Pancreas	SRR23343830	1	0
Tumors/Pancreas	SRR23343831	1	0
Tumors/Pancreas	SRR23343832	1	0
Tumors/Pancreas	SRR23343833	1	0
Tumors/Pancreas	SRR23343834	1	0
Tumors/Pancreas	SRR23343835	1	0
Tumors/Pancreas	SRR23343836	1	0
Tumors/Pancreas	SRR23343837	1	0
Tumors/Pancreas	SRR23343838	1	0
Tumors/Pancreas	SRR23343839	1	0
Tumors/Pancreas	SRR23343840	1	0
Tumors/Pancreas	SRR23343841	1	0
Tumors/Pancreas	SRR23343842	1	0
Tumors/Pancreas	SRR23343843	1	0
Tumors/Pancreas	SRR23343844	1	0
Tumors/Pancreas	SRR23343845	1	0
Tumors/Pancreas	SRR23343846	1	0
Tumors/Pancreas	SRR23343847	1	0
Tumors/Pancreas	SRR23343848	1	0
Tumors/Pancreas	SRR23343849	1	0
Tumors/Pancreas	SRR23343850	1	0
Tumors/Pancreas	SRR23343851	1	0
Tumors/Pancreas	SRR23343852	1	0
Tumors/Pancreas	SRR23343853	1	0
Tumors/Pancreas	SRR23343854	1	0
Tumors/Pancreas	SRR23343855	1	0
Tumors/Pancreas	SRR23343856	1	0
Tumors/Pancreas	SRR23343857	1	0
Tumors/Pancreas	SRR23343858	1	0
Tumors/Pancreas	SRR23343859	1	0
Tumors/Pancreas	SRR23343860	1	0
Tumors/Pancreas	SRR23343861	1	0
Tumors/Pancreas	SRR23343862	1	0
Tumors/Pancreas	SRR23343863	1	0
Tumors/Pancreas	SRR23343864	1	0
Tumors/Pancreas	SRR23343865	1	0
Tumors/Pancreas	SRR23343866	1	0
Tumors/Pancreas	SRR23343867	1	0
Tumors/Pancreas	SRR23343868	1	0
Tumors/Pancreas	SRR23343869	1	0
Tumors/Pancreas	SRR23343870	1	0
Tumors/Pancreas	SRR23343871	1	0
Tumors/Pancreas	SRR23343872	1	0
Tumors/Pancreas	SRR23343873	1	0
Tumors/Pancreas	SRR23343874	1	0
Tumors/Pancreas	SRR23343875	1	0
Tumors/Pancreas	SRR23343876	1	0
Tumors/Pancreas	SRR23343877	1	0
Tumors/Pancreas	SRR23343878	1	0
Tumors/Pancreas	SRR23343879	1	0
Tumors/Pancreas	SRR23343880	1	0
Tumors/Pancreas	SRR23343881	1	0
Tumors/Pancreas	SRR23343882	1	0
Tumors/Pancreas	SRR23343883	1	0
Tumors/Pancreas	SRR23343884	1	0
Tumors/Pancreas	SRR23343885	1	0
Tumors/Pancreas	SRR23343886	1	0
Tumors/Pancreas	SRR23343887	1	0
Tumors/Pancreas	SRR23343888	1	0
Tumors/Pancreas	SRR23343889	1	0
Tumors/Pancreas	SRR23343890	1	0
Tumors/Pancreas	SRR23343891	1	0
Tumors/Pancreas	SRR23343892	1	0
Tumors/Pancreas	SRR23343893	1	0
Tumors/Pancreas	SRR23343894	1	0
Tumors/Pancreas	SRR23343895	1	0
Tumors/Pancreas	SRR23343896	1	0
Tumors/Pancreas	SRR23343897	1	0
Tumors/Pancreas	SRR23343898	1	0
Tumors/Pancreas	SRR23343899	1	0
Tumors/Pancreas	SRR23343900	1	0
Tumors/Pancreas	SRR23343901	1	0
Tumors/Pancreas	SRR23343902	1	0
Tumors/Pancreas	SRR23343903	1	0
Tumors/Pancreas	SRR23343904	1	0
Tumors/Pancreas	SRR23343905	1	0
Tumors/Pancreas	SRR23343906	1	0
Tumors/Pancreas	SRR23343907	1	0
Tumors/Pancreas	SRR23343908	1	0
Tumors/Pancreas	SRR23343909	1	0
Tumors/Pancreas	SRR23343910	1	0
Tumors/Pancreas	SRR23343911	1	0
Tumors/Pancreas	SRR23343912	1	0
Tumors/Pancreas	SRR23343913	1	0
Tumors/Pancreas	SRR23343914	1	0
Tumors/Pancreas	SRR23343915	1	1
Tumors/Pancreas	SRR23343916	1	0
Tumors/Pancreas	SRR23343917	1	0
Tumors/Pancreas	SRR23343918	1	0
Tumors/Pancreas	SRR23343919	1	0
Tumors/Pancreas	SRR23343920	1	0
Tumors/Pancreas	SRR23343921	1	0
Tumors/Pancreas	SRR23343922	1	0
Tumors/Pancreas	SRR23343923	1	0
Tumors/Pancreas	SRR23343924	1	0
Tumors/Pancreas	SRR23343925	1	0
Tumors/Pancreas	SRR23343926	1	0
Tumors/Pancreas	SRR23343927	1	0
Tumors/Pancreas	SRR23343928	1	0
Tumors/Pancreas	SRR23343929	1	0
Tumors/Pancreas	SRR23343930	1	0
Tumors/Pancreas	SRR23343931	1	0
Tumors/Pancreas	SRR23343932	1	0
Tumors/Pancreas	SRR23343933	1	0
Tumors/Pancreas	SRR23343934	1	0
Tumors/Pancreas	SRR23343935	1	0
Tumors/Pancreas	SRR23343936	1	0
Tumors/Pancreas	SRR23343937	1	0
Tumors/Pancreas	SRR23343938	1	0
Tumors/Pancreas	SRR23343939	1	0
Tumors/Pancreas	SRR23343940	1	0
Tumors/Pancreas	SRR23343941	1	0
Tumors/Pancreas	SRR23343942	1	0
Tumors/Pancreas	SRR23343943	1	0
Tumors/Pancreas	SRR23343944	1	0
Tumors/Pancreas	SRR23343945	1	0
Tumors/Pancreas	SRR23343946	1	0
Tumors/Pancreas	SRR23343947	1	0
Tumors/Pancreas	SRR23343948	1	0
Tumors/Pancreas	SRR23343949	1	0
Tumors/Pancreas	SRR23343950	1	0
Tumors/Pancreas	SRR23343951	1	0
Tumors/Pancreas	SRR23343952	1	0
Tumors/Pancreas	SRR23343953	1	0
Tumors/Pancreas	SRR23343954	1	0
Tumors/Pancreas	SRR23343955	1	0
Tumors/Pancreas	SRR23343956	1	0
Tumors/Pancreas	SRR23343957	1	0
Tumors/Pancreas	SRR23343958	1	0
Tumors/Pancreas	SRR23343959	1	0
Tumors/Pancreas	SRR23343960	1	0
Tumors/Pancreas	SRR23343961	1	0
Tumors/Pancreas	SRR23343962	1	0
Tumors/Pancreas	SRR23343963	1	0
Tumors/Pancreas	SRR23343964	1	1
Tumors/Pancreas	SRR23343965	1	0
Tumors/Pancreas	SRR23343966	1	0
Tumors/Pancreas	SRR23343967	1	0
Tumors/Pancreas	SRR23343968	1	0
Tumors/Pancreas	SRR23343969	1	0
Tumors/Pancreas	SRR23343970	1	0
Tumors/Pancreas	SRR23343971	1	0
Tumors/Pancreas	SRR23343972	1	0
Tumors/Pancreas	SRR23343973	1	0
Tumors/Pancreas	SRR23343974	1	0
Tumors/Pancreas	SRR23343975	1	0
Tumors/Pancreas	SRR23343976	1	0
Tumors/Pancreas	SRR23343977	1	0
Tumors/Pancreas	SRR23343978	1	0
Tumors/Pancreas	SRR23343979	1	0
Tumors/Pancreas	SRR23343980	1	0
Tumors/Pancreas	SRR23343981	1	0
Tumors/Pancreas	SRR23343982	1	0
Tumors/Pancreas	SRR23343983	1	0
Tumors/Pancreas	SRR23343984	1	0
Tumors/Pancreas	SRR23343985	1	0
Tumors/Pancreas	SRR23343986	1	0
Tumors/Pancreas	SRR23343987	1	0
Tumors/Pancreas	SRR23343988	1	0
Tumors/Pancreas	SRR23343989	1	0
Tumors/Pancreas	SRR23343990	1	0
Tumors/Pancreas	SRR23343991	1	0
Tumors/Pancreas	SRR23343992	1	0
Tumors/Pancreas	SRR23343993	1	0
Tumors/Pancreas	SRR23343994	1	0
Tumors/Pancreas	SRR23343995	1	0
Tumors/Pancreas	SRR23343996	1	0
Tumors/Pancreas	SRR23343997	1	0
Tumors/Pancreas	SRR23343998	1	0
Tumors/Pancreas	SRR23343999	1	0
Tumors/Pancreas	SRR23344000	1	0
Tumors/Pancreas	SRR23344001	1	0
Tumors/Pancreas	SRR25143496	1	0
Tumors/Pancreas	SRR25143497	1	0
Tumors/Pancreas	SRR25143498	1	0
Tumors/Pancreas	SRR25143499	1	0
Tumors/Pancreas	SRR25143500	1	0
Tumors/Pancreas	SRR25143501	1	0
Tumors/Pancreas	SRR25143502	1	0
Tumors/Pancreas	SRR25143503	1	0
Tumors/Pancreas	SRR25143504	1	0
Tumors/Pancreas	SRR25143505	1	0
Tumors/Pancreas	SRR25443899	1	0
Tumors/Pancreas	SRR25443900	1	0
Tumors/Pancreas	SRR25443901	1	0
Tumors/Pancreas	SRR25443902	1	0
Tumors/Pancreas	SRR25443903	1	0
Tumors/Pancreas	SRR25443904	1	0
Tumors/Pancreas	SRR25716769	1	0
Tumors/Pancreas	SRR25716771	1	0
Tumors/Pancreas	SRR25716773	1	0
Tumors/Pancreas	SRR26113230	1	1
Tumors/Pancreas	SRR26113231	1	0
Tumors/Pancreas	SRR26113232	1	0
Tumors/Pancreas	SRR26113233	1	0
Tumors/Pancreas	SRR26113234	1	0
Tumors/Pancreas	SRR26113235	1	0
Tumors/Pancreas	SRR26113236	1	0
Tumors/Pancreas	SRR26113237	1	0
Tumors/Pancreas	SRR26113238	1	0
Tumors/Pancreas	SRR26113239	1	0
Tumors/Pancreas	SRR26113240	1	0
Tumors/Pancreas	SRR26113241	1	0
Tumors/Pancreas	SRR26113242	1	0
Tumors/Pancreas	SRR26113243	1	0
Tumors/Pancreas	SRR26113244	1	0
Tumors/Pancreas	SRR26113245	1	0
Tumors/Pancreas	SRR26113246	1	0
Tumors/Pancreas	SRR26113247	1	0
Tumors/Pancreas	SRR26113248	1	0
Tumors/Pancreas	SRR26113249	1	0
Tumors/Pancreas	SRR26113250	1	0
Tumors/Pancreas	SRR26113251	1	0
Tumors/Pancreas	SRR26113252	1	0
Tumors/Pancreas	SRR26113253	1	0
Tumors/Pancreas	SRR26113254	1	0
Tumors/Pancreas	SRR26113255	1	0
Tumors/Pancreas	SRR26113256	1	0
Tumors/Pancreas	SRR26113257	1	0
Tumors/Pancreas	SRR26113258	1	0
Tumors/Pancreas	SRR26113259	1	0
Tumors/Pancreas	SRR26113260	1	0
Tumors/Pancreas	SRR26113261	1	0
Tumors/Pancreas	SRR26113262	1	0
Tumors/Pancreas	SRR26113263	1	0
Tumors/Pancreas	SRR26113264	1	0
Tumors/Pancreas	SRR26113265	1	0
Tumors/Pancreas	SRR26113266	1	0
Tumors/Pancreas	SRR26113267	1	0
Tumors/Pancreas	SRR26113268	1	0
Tumors/Pancreas	SRR26113269	1	0
Tumors/Pancreas	SRR26113270	1	0
Tumors/Pancreas	SRR26113271	1	0
Tumors/Pancreas	SRR27243564	1	0
Tumors/Pancreas	SRR27243565	1	0
Tumors/Pancreas	SRR27243566	1	0
Tumors/Pancreas	SRR27243567	1	0
Tumors/Pancreas	SRR27243568	1	1
Tumors/Pancreas	SRR27243569	1	0
Tumors/Pancreas	SRR27243570	1	0
Tumors/Pancreas	SRR27243571	1	0
Tumors/Pancreas	SRR27243572	1	0
Tumors/Pancreas	SRR27243573	1	0
Tumors/Pancreas	SRR27243574	1	0
Tumors/Pancreas	SRR27243575	1	0
Tumors/Pancreas	SRR27243576	1	0
Tumors/Pancreas	SRR27243577	1	0
Tumors/Pancreas	SRR27243578	1	0
Tumors/Pancreas	SRR27243579	1	0
Tumors/Pancreas	SRR27243580	1	0
Tumors/Pancreas	SRR27243581	1	0
Tumors/Pancreas	SRR27243582	1	0
Tumors/Pancreas	SRR27243583	1	0
Tumors/Pancreas	SRR27243584	1	0
Tumors/Pancreas	SRR27243585	1	1
Tumors/Pancreas	SRR27243586	1	0
Tumors/Pancreas	SRR27243587	1	0
Tumors/Pancreas	SRR27243588	1	0
Tumors/Pancreas	SRR27243589	1	0
Tumors/Pancreas	SRR27243590	1	0
Tumors/Pancreas	SRR27243591	1	0
Tumors/Pancreas	SRR27243592	1	0
Tumors/Pancreas	SRR27243593	1	0
Tumors/Pancreas	SRR27481275	1	0
Tumors/Pancreas	SRR27481276	1	0
Tumors/Pancreas	SRR27481277	1	0
Tumors/Pancreas	SRR27481278	1	0
Tumors/Pancreas	SRR27481279	1	0
Tumors/Pancreas	SRR27481280	1	0
Tumors/Pancreas	SRR27481281	1	0
Tumors/Pancreas	SRR27481282	1	0
Tumors/Pancreas	SRR27481283	1	0
Tumors/Pancreas	SRR27481284	1	0
Tumors/Pancreas	SRR27481285	1	0
Tumors/Pancreas	SRR27481286	1	0
Tumors/Pancreas	SRR27481287	1	0
Tumors/Pancreas	SRR27481288	1	0
Tumors/Pancreas	SRR27481289	1	0
Tumors/Pancreas	SRR27481290	1	0
Tumors/Pancreas	SRR27481291	1	0
Tumors/Pancreas	SRR27481292	1	0
Tumors/Pancreas	SRR27481293	1	1
Tumors/Pancreas	SRR27481294	1	0
Tumors/Pancreas	SRR27481295	1	0
Tumors/Pancreas	SRR27481296	1	1
Tumors/Pancreas	SRR27481297	1	0
Tumors/Pancreas	SRR27481298	1	0
Tumors/Pancreas	SRR27481299	1	0
Tumors/Pancreas	SRR27481300	1	0
Tumors/Pancreas	SRR27481301	1	0
Tumors/Pancreas	SRR27481302	1	0
Tumors/Pancreas	SRR28428334	1	0
Tumors/Pancreas	SRR28428335	1	0
Tumors/Pancreas	SRR28428336	1	0
Tumors/Pancreas	SRR28428337	1	0
Tumors/Pancreas	SRR28428338	1	0
Tumors/Pancreas	SRR28428339	1	0
Tumors/Pancreas	SRR28428340	1	0
Tumors/Pancreas	SRR28428341	1	0
Tumors/Pancreas	SRR30045786	1	0
Tumors/Pancreas	SRR30045787	1	0
Tumors/Pancreas	SRR30045788	1	0
Tumors/Pancreas	SRR30045789	1	0
Tumors/Pancreas	SRR30045790	1	0
Tumors/Pancreas	SRR30045791	1	0
Tumors/Pancreas	SRR30045792	1	0
Tumors/Pancreas	SRR30045793	1	0
Tumors/Pancreas	SRR30045794	1	0
Tumors/Pancreas	SRR30045795	1	0
Tumors/Pancreas	SRR30694397	1	0
Tumors/Pancreas	SRR30694398	1	0
Tumors/Pancreas	SRR30694399	1	0
Tumors/Pancreas	SRR30694400	1	0
Tumors/Pancreas	SRR30694401	1	0
Tumors/Pancreas	SRR30694402	1	0
Tumors/Pancreas	SRR30694403	1	0
Tumors/Pancreas	SRR30694404	1	0
Tumors/Pancreas	SRR30694405	1	0
Tumors/Pancreas	SRR30694406	1	0
Tumors/Pancreas	SRR30694407	1	0
Tumors/Pancreas	SRR30694408	1	0
Tumors/Pancreas	SRR30694409	1	0
Tumors/Pancreas	SRR30694410	1	0
Tumors/Pancreas	SRR30694411	1	0
Tumors/Pancreas	SRR30694412	1	0
Tumors/Pancreas	SRR30694413	1	0
Tumors/Pancreas	SRR30694414	1	0
Tumors/Pancreas	SRR30694415	1	0
Tumors/Pancreas	SRR30694416	1	0
Tumors/Pancreas	SRR30694417	1	0
Tumors/Pancreas	SRR30694418	1	0
Tumors/Pancreas	SRR30694419	1	0
Tumors/Pancreas	SRR30694420	1	0
Tumors/Pancreas	SRR30694421	1	0
Tumors/Pancreas	SRR30694422	1	1
Tumors/Pancreas	SRR30694423	1	0
Tumors/Pancreas	SRR30694424	1	0
Tumors/Pancreas	SRR30694425	1	0
Tumors/Pancreas	SRR30694426	1	0
Tumors/Pancreas	SRR30694427	1	0
Tumors/Pancreas	SRR30694428	1	0
Tumors/Pancreas	SRR30694429	1	0
Tumors/Pancreas	SRR30694430	1	0
Tumors/Pancreas	SRR30694431	1	0
Tumors/Pancreas	SRR30694432	1	0
Tumors/Pancreas	SRR30694433	1	0
Tumors/Pancreas	SRR30694434	1	0
Tumors/Pancreas	SRR30694435	1	0
Tumors/Pancreas	SRR30694436	1	0
Tumors/Pancreas	SRR30694437	1	0
Tumors/Pancreas	SRR30694438	1	0
Tumors/Pancreas	SRR30694439	1	0
Tumors/Pancreas	SRR30694440	1	0
Tumors/Pancreas	SRR3426643	1	0
Tumors/Pancreas	SRR3426644	1	0
Tumors/Pancreas	SRR3426653	1	0
Tumors/Pancreas	SRR3426654	1	0
Tumors/Pancreas	SRR3426655	1	0
Tumors/Pancreas	SRR3426656	1	0
Tumors/Pancreas	SRR3426657	1	0
Tumors/Pancreas	SRR3426658	1	0
Tumors/Pancreas	SRR34554384	1	0
Tumors/Pancreas	SRR34554385	1	0
Tumors/Pancreas	SRR34554386	1	0
Tumors/Pancreas	SRR34554387	1	0
Tumors/Pancreas	SRR34554388	1	0
Tumors/Pancreas	SRR34554389	1	0
Tumors/Pancreas	SRR7768608	1	0
Tumors/Pancreas	SRR7768609	1	0
Tumors/Pancreas	SRR7768610	1	1
Tumors/Pancreas	SRR7768611	1	0
Tumors/Pancreas	SRR7768612	1	0
Tumors/Pancreas	SRR7768613	1	0
Tumors/Pancreas	SRR7818905	1	0
Tumors/Pancreas	SRR7818906	1	0
Tumors/Pancreas	SRR7818907	1	0
Tumors/Pancreas	SRR7818908	1	0
Tumors/Pancreas	SRR7818909	1	0
Tumors/Pancreas	SRR7818910	1	0
Tumors/Pancreas	SRR7818911	1	0
Tumors/Pancreas	SRR7818912	1	0
Tumors/Pancreas	SRR7818913	1	0
Tumors/Pancreas	SRR7818914	1	0
Tumors/Pancreas	SRR9043607	1	0
Tumors/Pancreas	SRR9043608	1	0
Tumors/Pancreas	SRR9043609	1	0
Tumors/Pancreas	SRR9043610	1	0
Tumors/Pancreas	SRR9043611	1	0
Tumors/Pancreas	SRR9043612	1	0
Tumors/Pancreas	SRR9043613	1	0
Tumors/Pancreas	SRR9043614	1	0
Tumors/Pancreas	SRR9043615	1	0
Tumors/Pancreas	SRR9043616	1	0
Tumors/Pancreas	SRR9043617	1	1
Tumors/Pancreas	SRR9043618	1	0
Tumors/Pancreas	SRR9043619	1	0
Tumors/Pancreas	SRR9043620	1	0
Tumors/Pancreas	SRR9043621	1	0
Tumors/Pancreas	SRR9043622	1	0
Tumors/Pancreas	SRR9043623	1	0
Tumors/Pancreas	SRR9043624	1	0
Tumors/Pancreas	SRR9043625	1	0
Tumors/Pancreas	SRR9043626	1	0
Tumors/Pancreas	SRR9043627	1	0
Tumors/Pancreas	SRR9043628	1	0
Tumors/Pancreas	SRR9043629	1	0
Tumors/Pancreas	SRR9043630	1	0
Tumors/Pancreas	SRR9043631	1	0
Tumors/Pancreas	SRR9043632	1	0
Tumors/Pancreas	SRR9043633	1	0
Tumors/Pancreas	SRR9043634	1	0
Tumors/Pancreas	SRR9043635	1	0
Tumors/Pancreas	SRR9043636	1	1
Tumors/Pancreas	SRR9043637	1	0
Tumors/Pancreas	SRR9043638	1	0
Tumors/Pancreas	SRR9043639	1	0
Tumors/Pancreas	SRR9043640	1	0
Tumors/Pancreas	SRR9043641	1	0
Tumors/Pancreas	SRR9043642	1	0
Tumors/Pancreas	SRR9043643	1	0
Tumors/Pancreas	SRR9043644	1	0
Tumors/Pancreas	SRR9043645	1	0
Tumors/Pancreas	SRR9043646	1	0
Tumors/Pancreas	SRR9043647	1	0
Tumors/Pancreas	SRR9043648	1	0
Tumors/Pancreas	SRR9043649	1	0
Tumors/Pancreas	SRR9043650	1	0
Tumors/Pancreas	SRR9043651	1	0
Tumors/Pancreas	SRR9043652	1	0
Tumors/Pancreas	SRR9043653	1	0
Tumors/Pancreas	SRR9043654	1	0
Tumors/Pancreas	SRR9043655	1	0
Tumors/Pancreas	SRR9043656	1	0
Tumors/Pancreas	SRR9043657	1	0
Tumors/Pancreas	SRR9043658	1	0
Tumors/Pancreas	SRR9697593	1	0
Tumors/Pancreas	SRR9697594	1	0
Tumors/Pancreas	SRR9697595	1	0
Tumors/Pancreas	SRR9697614	1	0
Tumors/Pancreas	SRR9697633	1	0
Tumors/Pancreas	SRR9697716	1	0
Tumors/Pancreas	SRR9697845	1	0
Tumors/Pancreas	SRR9697850	1	0
Tumors/RenalPelvis	Run	1	0
Tumors/RenalPelvis	SRR11196339	0	1
Tumors/RenalPelvis	SRR11196341	0	1
Tumors/RenalPelvis	SRR11196345	0	1
Tumors/RenalPelvis	SRR11196346	0	1
Tumors/RenalPelvis	SRR24048108	1	0
Tumors/RenalPelvis	SRR24048109	1	0
Tumors/RenalPelvis	SRR24048118	1	0
Tumors/RenalPelvis	SRR24048125	1	0
Tumors/RenalPelvis	SRR24048143	1	0
Tumors/RenalPelvis	SRR24048922	1	0
Tumors/RenalPelvis	SRR26333221	1	1
Tumors/RenalPelvis	SRR26333222	1	1
Tumors/RenalPelvis	SRR26333223	1	1
Tumors/RenalPelvis	SRR26333224	1	1
Tumors/RenalPelvis	SRR26333225	1	1
Tumors/RenalPelvis	SRR26333229	1	1
Tumors/RenalPelvis	SRR26333230	1	1
Tumors/RenalPelvis	SRR26333231	1	1
Tumors/RenalPelvis	SRR26333233	1	0
Tumors/RenalPelvis	SRR26333234	1	1
Tumors/RenalPelvis	SRR26333235	1	1
Tumors/RenalPelvis	SRR26333236	1	1
Tumors/RenalPelvis	SRR26333237	1	1
Tumors/RenalPelvis	SRR26333238	1	1
Tumors/RenalPelvis	SRR26333239	1	1
Tumors/RenalPelvis	SRR26333240	1	1
Tumors/RenalPelvis	SRR26333241	1	1
Tumors/RenalPelvis	SRR26333242	1	1
Tumors/RenalPelvis	SRR26333243	1	1
Tumors/RenalPelvis	SRR26333244	1	1
Tumors/RenalPelvis	SRR26333245	1	1
Tumors/RenalPelvis	SRR26333246	1	0
Tumors/RenalPelvis	SRR26333249	1	1
Tumors/RenalPelvis	SRR26333256	1	1
Tumors/RenalPelvis	SRR26333260	1	1
Tumors/RenalPelvis	SRR26333261	1	1
Tumors/RenalPelvis	SRR26333263	1	1
Tumors/RenalPelvis	SRR26333264	1	1
Tumors/RenalPelvis	SRR26333266	1	1
Tumors/RenalPelvis	SRR26333270	1	1
Tumors/RenalPelvis	SRR26333271	1	1
Tumors/RenalPelvis	SRR26333272	1	1
Tumors/RenalPelvis	SRR26333273	1	1
Tumors/RenalPelvis	SRR26333274	1	1
Tumors/RenalPelvis	SRR26333275	1	1
Tumors/RenalPelvis	SRR26333276	1	1
Tumors/RenalPelvis	SRR26333277	1	1
Tumors/RenalPelvis	SRR26333278	1	1
Tumors/RenalPelvis	SRR26333279	1	1
Tumors/RenalPelvis	SRR26333280	1	1
Tumors/RenalPelvis	SRR26333281	1	1
Tumors/RenalPelvis	SRR26333282	1	1
Tumors/RenalPelvis	SRR26333283	1	1
Tumors/RenalPelvis	SRR26333284	1	1
Tumors/RenalPelvis	SRR26333286	1	1
Tumors/RenalPelvis	SRR26333291	1	1
Tumors/RenalPelvis	SRR26333293	1	1
Tumors/RenalPelvis	SRR26333294	1	1
Tumors/RenalPelvis	SRR26333297	1	1
Tumors/RenalPelvis	SRR26333298	1	1
Tumors/RenalPelvis	SRR26333299	1	1
Tumors/RenalPelvis	SRR26333305	1	1
Tumors/RenalPelvis	SRR26333306	1	1
Tumors/RenalPelvis	SRR32686225	1	0
Tumors/RenalPelvis	SRR32686228	1	0
Tumors/RenalPelvis	SRR8762523	1	0
Tumors/RenalPelvis	SRR8762607	1	0
Tumors/RenalPelvis	SRR8763049	1	0
Tumors/Salivary	ERR315325	0	1
Tumors/Salivary	ERR315382	0	1
Tumors/Salivary	ERR315418	0	1
Tumors/Salivary	ERR315420	0	1
Tumors/Salivary	ERR315449	0	1
Tumors/Salivary	ERR315459	0	1
Tumors/Salivary	SRR10246409	1	1
Tumors/Salivary	SRR10246410	1	1
Tumors/Salivary	SRR10246411	1	1
Tumors/Salivary	SRR10246412	1	1
Tumors/Salivary	SRR10246413	1	1
Tumors/Salivary	SRR10246414	1	1
Tumors/Salivary	SRR10246415	1	1
Tumors/Salivary	SRR10246416	1	1
Tumors/Salivary	SRR15100667	1	1
Tumors/Salivary	SRR15100669	1	1
Tumors/Salivary	SRR15100671	1	1
Tumors/Salivary	SRR15100673	1	1
Tumors/Salivary	SRR15100675	1	1
Tumors/Salivary	SRR15132669	1	1
Tumors/Salivary	SRR15132671	1	1
Tumors/Salivary	SRR15132673	1	1
Tumors/Salivary	SRR15132675	1	1
Tumors/Salivary	SRR15132677	1	1
Tumors/Salivary	SRR26033653	1	1
Tumors/Salivary	SRR26033654	1	1
Tumors/Salivary	SRR26033655	1	1
Tumors/Salivary	SRR26033656	1	1
Tumors/Salivary	SRR26033657	1	1
Tumors/Salivary	SRR26033658	1	1
Tumors/Salivary	SRR26033659	0	1
Tumors/Salivary	SRR26033660	0	1
Tumors/Salivary	SRR26033661	0	1
Tumors/Salivary	SRR26033662	0	1
Tumors/Salivary	SRR26033663	0	1
Tumors/Salivary	SRR26033664	0	1
Tumors/Salivary	SRR26033665	0	1
Tumors/Salivary	SRR26033666	0	1
Tumors/Salivary	SRR26033667	0	1
Tumors/Salivary	SRR26033668	0	1
Tumors/Salivary	SRR26033669	1	1
Tumors/Salivary	SRR26033670	0	1
Tumors/Salivary	SRR26033671	0	1
Tumors/Salivary	SRR26033672	0	1
Tumors/Salivary	SRR26033673	0	1
Tumors/Salivary	SRR26033674	0	1
Tumors/Salivary	SRR26033675	0	1
Tumors/Salivary	SRR26033676	0	1
Tumors/Salivary	SRR26033677	0	1
Tumors/Salivary	SRR26033678	0	1
Tumors/Salivary	SRR26033679	0	1
Tumors/Salivary	SRR26033680	1	1
Tumors/Salivary	SRR26033681	1	1
Tumors/Salivary	SRR26033682	1	1
Tumors/Salivary	SRR26033683	1	1
Tumors/Salivary	SRR26033684	1	1
Tumors/Salivary	SRR26033685	1	1
Tumors/Salivary	SRR26033686	1	1
Tumors/Salivary	SRR26033687	1	1
Tumors/Salivary	SRR26033688	1	1
Tumors/Salivary	SRR26033689	1	1
Tumors/Salivary	SRR26033690	1	1
Tumors/Salivary	SRR26033691	1	1
Tumors/Salivary	SRR26033692	1	1
Tumors/Salivary	SRR29065133	1	1
Tumors/Salivary	SRR29065134	1	1
Tumors/Salivary	SRR29065135	1	1
Tumors/Salivary	SRR29065136	1	1
Tumors/Salivary	SRR29065137	1	1
Tumors/Salivary	SRR29065138	1	1
Tumors/Salivary	SRR29065139	1	1
Tumors/Salivary	SRR29065140	1	1
Tumors/Salivary	SRR29065141	1	1
Tumors/Salivary	SRR29065142	1	1
Tumors/Salivary	SRR29065143	1	1
Tumors/Salivary	SRR29065144	1	1
Tumors/Salivary	SRR3056922	1	1
Tumors/Salivary	SRR3056923	1	1
Tumors/Salivary	SRR3056924	1	1
Tumors/Salivary	SRR30590360	1	1
Tumors/Salivary	SRR30590362	1	1
Tumors/Salivary	SRR30590363	1	1
Tumors/Salivary	SRR30590364	1	1
Tumors/Salivary	SRR30590365	1	1
Tumors/Salivary	SRR30590366	1	1
Tumors/Salivary	SRR30590367	1	1
Tumors/Salivary	SRR30590368	1	1
Tumors/Salivary	SRR30590369	1	1
Tumors/Salivary	SRR30590370	1	1
Tumors/Salivary	SRR30590371	1	1
Tumors/Salivary	SRR30590373	1	1
Tumors/Salivary	SRR30590374	1	1
Tumors/Salivary	SRR30590375	1	1
Tumors/Salivary	SRR30590376	1	1
Tumors/Salivary	SRR30590377	1	1
Tumors/Salivary	SRR30590378	1	1
Tumors/Salivary	SRR30590379	1	1
Tumors/Salivary	SRR30590380	0	1
Tumors/Salivary	SRR30590381	1	1
Tumors/Salivary	SRR30590382	1	1
Tumors/Salivary	SRR30590384	1	1
Tumors/Salivary	SRR30590385	1	1
Tumors/Salivary	SRR30590386	1	1
Tumors/Salivary	SRR30590387	1	1
Tumors/Salivary	SRR3081601	1	1
Tumors/Salivary	SRR3081602	1	1
Tumors/Salivary	SRR3081603	1	1
Tumors/Salivary	SRR3081604	1	1
Tumors/Salivary	SRR3081605	1	1
Tumors/Salivary	SRR3081606	1	1
Tumors/Salivary	SRR3081607	1	1
Tumors/Salivary	SRR3081608	1	1
Tumors/Salivary	SRR3081609	1	1
Tumors/Salivary	SRR3081610	1	1
Tumors/Salivary	SRR3081611	1	1
Tumors/Salivary	SRR3081612	1	1
Tumors/Salivary	SRR3081613	1	1
Tumors/Salivary	SRR3081614	1	1
Tumors/Salivary	SRR3081615	1	1
Tumors/Salivary	SRR3081616	1	1
Tumors/Salivary	SRR3081617	1	1
Tumors/Salivary	SRR3081618	1	1
Tumors/Salivary	SRR3081619	1	1
Tumors/Salivary	SRR3081620	1	1
Tumors/Salivary	SRR3081621	1	0
Tumors/Salivary	SRR3081622	1	1
Tumors/Salivary	SRR3081623	1	1
Tumors/Salivary	SRR3081624	1	1
Tumors/Salivary	SRR3081625	1	1
Tumors/Salivary	SRR3081626	1	1
Tumors/Salivary	SRR3081627	1	1
Tumors/Salivary	SRR3081628	1	1
Tumors/Salivary	SRR3081629	1	1
Tumors/Salivary	SRR3081630	1	1
Tumors/Salivary	SRR3081631	1	0
Tumors/Salivary	SRR3081632	1	1
Tumors/Salivary	SRR3081633	1	1
Tumors/Salivary	SRR3081634	1	1
Tumors/Salivary	SRR3081635	1	1
Tumors/Salivary	SRR3081636	1	1
Tumors/Salivary	SRR3081637	1	1
Tumors/Salivary	SRR3081638	1	1
Tumors/Salivary	SRR3081639	1	1
Tumors/Salivary	SRR3081640	1	1
Tumors/Salivary	SRR3081641	1	1
Tumors/Salivary	SRR3081642	1	1
Tumors/Salivary	SRR3081643	1	1
Tumors/Salivary	SRR3081644	1	1
Tumors/Salivary	SRR3081645	1	1
Tumors/Salivary	SRR3081646	1	1
Tumors/Salivary	SRR3081647	1	1
Tumors/Salivary	SRR31414517	1	0
Tumors/Salivary	SRR31414518	1	1
Tumors/Salivary	SRR31414519	1	1
Tumors/Salivary	SRR31414520	1	1
Tumors/Salivary	SRR31414521	1	1
Tumors/Salivary	SRR31414522	1	1
Tumors/Salivary	SRR31414523	1	1
Tumors/Salivary	SRR31414524	1	1
Tumors/Salivary	SRR31414525	1	1
Tumors/Salivary	SRR31414526	1	1
Tumors/Salivary	SRR31414527	1	1
Tumors/Salivary	SRR31414528	1	1
Tumors/Salivary	SRR31414529	1	1
Tumors/Salivary	SRR31414530	1	1
Tumors/Salivary	SRR31414531	1	1
Tumors/Salivary	SRR31414532	1	1
Tumors/Salivary	SRR31414533	1	1
Tumors/Salivary	SRR31414534	1	1
Tumors/Salivary	SRR31414535	1	1
Tumors/Salivary	SRR31414536	1	1
Tumors/Salivary	SRR31414537	1	1
Tumors/Salivary	SRR31414538	1	1
Tumors/Salivary	SRR5685238	1	1
Tumors/Salivary	SRR5685239	1	1
Tumors/Salivary	SRR5685240	1	1
Tumors/Salivary	SRR5685241	1	1
Tumors/Salivary	SRR5685242	1	0
Tumors/Salivary	SRR5685243	1	1
Tumors/Salivary	SRR5685244	1	1
Tumors/Salivary	SRR5685245	1	1
Tumors/Salivary	SRR5685246	1	1
Tumors/Salivary	SRR5685247	1	1
Tumors/Salivary	SRR5685248	1	1
Tumors/Salivary	SRR5685249	1	1
Tumors/Salivary	SRR5685250	1	1
Tumors/Salivary	SRR5685251	1	1
Tumors/Salivary	SRR5685252	1	1
Tumors/Salivary	SRR5685253	1	1
Tumors/Salivary	SRR5685254	1	1
Tumors/Salivary	SRR5685255	1	1
Tumors/Salivary	SRR5685256	1	1
Tumors/Salivary	SRR5685257	1	1
Tumors/Salivary	SRR5685258	1	1
Tumors/Salivary	SRR5685259	1	1
Tumors/Salivary	SRR5685260	1	1
Tumors/Salivary	SRR5685263	1	1
Tumors/Salivary	SRR5685271	1	1
Tumors/Salivary	SRR5685272	1	1
Tumors/Salivary	SRR5685273	1	1
Tumors/Salivary	SRR5685274	1	1
Tumors/Salivary	SRR5685275	1	1
Tumors/Salivary	SRR5685276	1	1
Tumors/Salivary	SRR5685277	1	1
Tumors/Salivary	SRR5685278	1	1
Tumors/Salivary	SRR5685279	1	1
Tumors/Salivary	SRR5685280	1	1
Tumors/Salivary	SRR5685281	1	1
Tumors/Salivary	SRR5685292	1	1
Tumors/Salivary	SRR5685296	1	1
Tumors/Salivary	SRR5685299	1	1
Tumors/Salivary	SRR5685300	1	1
Tumors/Salivary	SRR5685301	1	1
Tumors/Salivary	SRR587175	1	0
Tumors/Salivary	SRR587176	1	0
Tumors/Salivary	SRR587177	1	0
Tumors/Salivary	SRR587178	1	0
Tumors/Salivary	SRR8762170	1	0
Tumors/Salivary	SRR8764040	1	0
Tumors/Salivary	SRR8764067	1	0
Tumors/Salivary	SRR9304319	1	0
Tumors/Salivary	SRR9304406	1	0
Tumors/SmallCellLung	ERR4190194	0	1
Tumors/SmallCellLung	ERR4190212	0	1
Tumors/SmallCellLung	ERR4190213	0	1
Tumors/SmallCellLung	ERR4190364	0	1
Tumors/SmallCellLung	ERR4230614	0	1
Tumors/SmallCellLung	ERR4230641	0	1
Tumors/SmallCellLung	ERR5992779	1	1
Tumors/SmallCellLung	ERR5992780	1	1
Tumors/SmallCellLung	ERR5992781	1	1
Tumors/SmallCellLung	ERR5992782	1	1
Tumors/SmallCellLung	ERR5992783	1	1
Tumors/SmallCellLung	ERR5992784	1	1
Tumors/SmallCellLung	ERR5992785	1	1
Tumors/SmallCellLung	ERR5992786	1	1
Tumors/SmallCellLung	ERR5992787	1	1
Tumors/SmallCellLung	ERR5992788	1	1
Tumors/SmallCellLung	ERR5992789	1	1
Tumors/SmallCellLung	ERR5992800	1	1
Tumors/SmallCellLung	ERR5992801	1	1
Tumors/SmallCellLung	ERR5992802	1	1
Tumors/SmallCellLung	ERR5992803	1	1
Tumors/SmallCellLung	ERR5992804	1	1
Tumors/SmallCellLung	ERR5992805	1	1
Tumors/SmallCellLung	ERR5992806	1	1
Tumors/SmallCellLung	ERR5992807	1	1
Tumors/SmallCellLung	ERR5992808	1	1
Tumors/SmallCellLung	ERR5992809	1	1
Tumors/SmallCellLung	ERR5992810	1	1
Tumors/SmallCellLung	ERR5992811	1	1
Tumors/SmallCellLung	ERR5992812	1	1
Tumors/SmallCellLung	ERR5992813	1	1
Tumors/SmallCellLung	ERR5992814	1	1
Tumors/SmallCellLung	ERR5992815	1	0
Tumors/SmallCellLung	SRR13342017	0	1
Tumors/SmallCellLung	SRR13342018	0	1
Tumors/SmallCellLung	SRR13342019	0	1
Tumors/SmallCellLung	SRR13342020	0	1
Tumors/SmallCellLung	SRR13342021	0	1
Tumors/SmallCellLung	SRR13342022	0	1
Tumors/SmallCellLung	SRR13342023	0	1
Tumors/SmallCellLung	SRR13342024	0	1
Tumors/SmallCellLung	SRR13780246	1	0
Tumors/SmallCellLung	SRR13780247	1	0
Tumors/SmallCellLung	SRR13780248	1	0
Tumors/SmallCellLung	SRR13780249	1	0
Tumors/SmallCellLung	SRR13780250	1	0
Tumors/SmallCellLung	SRR13780251	1	0
Tumors/SmallCellLung	SRR13780252	1	0
Tumors/SmallCellLung	SRR13780253	1	0
Tumors/SmallCellLung	SRR13780254	1	0
Tumors/SmallCellLung	SRR13780255	1	0
Tumors/SmallCellLung	SRR13780256	1	0
Tumors/SmallCellLung	SRR13780257	1	0
Tumors/SmallCellLung	SRR13780258	1	0
Tumors/SmallCellLung	SRR13780259	1	0
Tumors/SmallCellLung	SRR13780260	1	0
Tumors/SmallCellLung	SRR13780261	1	0
Tumors/SmallCellLung	SRR13780262	1	0
Tumors/SmallCellLung	SRR13780263	1	0
Tumors/SmallCellLung	SRR13780264	1	0
Tumors/SmallCellLung	SRR13780265	1	0
Tumors/SmallCellLung	SRR13780266	1	0
Tumors/SmallCellLung	SRR13780267	1	0
Tumors/SmallCellLung	SRR13780268	1	0
Tumors/SmallCellLung	SRR13780269	1	0
Tumors/SmallCellLung	SRR13780270	1	0
Tumors/SmallCellLung	SRR13780271	1	0
Tumors/SmallCellLung	SRR13780272	1	0
Tumors/SmallCellLung	SRR13780273	1	0
Tumors/SmallCellLung	SRR13780274	1	0
Tumors/SmallCellLung	SRR13780291	1	0
Tumors/SmallCellLung	SRR13858949	1	1
Tumors/SmallCellLung	SRR13858950	1	1
Tumors/SmallCellLung	SRR13858951	1	1
Tumors/SmallCellLung	SRR13858952	1	1
Tumors/SmallCellLung	SRR13858953	1	1
Tumors/SmallCellLung	SRR13858954	1	1
Tumors/SmallCellLung	SRR13858955	1	1
Tumors/SmallCellLung	SRR13858956	1	1
Tumors/SmallCellLung	SRR13858957	1	1
Tumors/SmallCellLung	SRR13858958	1	1
Tumors/SmallCellLung	SRR13858959	1	1
Tumors/SmallCellLung	SRR13858960	1	1
Tumors/SmallCellLung	SRR13860149	0	1
Tumors/SmallCellLung	SRR13860150	0	1
Tumors/SmallCellLung	SRR13860151	0	1
Tumors/SmallCellLung	SRR13860152	0	1
Tumors/SmallCellLung	SRR17551568	0	1
Tumors/SmallCellLung	SRR17551569	0	1
Tumors/SmallCellLung	SRR17551570	0	1
Tumors/SmallCellLung	SRR17551571	0	1
Tumors/SmallCellLung	SRR17551572	0	1
Tumors/SmallCellLung	SRR17551577	0	1
Tumors/SmallCellLung	SRR17551580	0	1
Tumors/SmallCellLung	SRR17551583	0	1
Tumors/SmallCellLung	SRR30228494	1	0
Tumors/SmallCellLung	SRR30228496	1	0
Tumors/SmallCellLung	SRR30228498	1	0
Tumors/SmallCellLung	SRR30228500	1	0
Tumors/SmallCellLung	SRR30228501	1	0
Tumors/SmallCellLung	SRR30228503	1	0
Tumors/SmallCellLung	SRR30228538	1	0
Tumors/SmallCellLung	SRR30544481	1	0
Tumors/SmallCellLung	SRR30544484	1	0
Tumors/SmallCellLung	SRR30544487	1	0
Tumors/SmallCellLung	SRR30544490	1	0
Tumors/SmallCellLung	SRR30544493	1	0
Tumors/SmallCellLung	SRR30544496	1	0
Tumors/SmallCellLung	SRR30544499	1	0
Tumors/SmallCellLung	SRR30544502	1	0
Tumors/SmallCellLung	SRR30544504	1	0
Tumors/SmallCellLung	SRR30544507	1	0
Tumors/SmallCellLung	SRR30544509	1	0
Tumors/SmallCellLung	SRR30544513	1	0
Tumors/SmallCellLung	SRR30544515	1	0
Tumors/SmallCellLung	SRR30544518	1	0
Tumors/SmallCellLung	SRR30544520	1	0
Tumors/SmallCellLung	SRR30544523	1	0
Tumors/SmallCellLung	SRR30544526	1	0
Tumors/SmallCellLung	SRR30544528	1	0
Tumors/SmallCellLung	SRR30544533	1	0
Tumors/SmallCellLung	SRR30544535	1	0
Tumors/SmallCellLung	SRR30544538	1	0
Tumors/SmallCellLung	SRR30544543	1	0
Tumors/SmallCellLung	SRR30544546	1	0
Tumors/SmallCellLung	SRR30544583	1	0
Tumors/SmallCellLung	SRR30544585	1	0
Tumors/SmallCellLung	SRR3214894	1	1
Tumors/SmallCellLung	SRR8762341	1	0
Tumors/Tongue	ERR2278845	1	1
Tumors/Tongue	ERR2278846	1	1
Tumors/Tongue	ERR2278847	1	1
Tumors/Tongue	ERR2278850	1	1
Tumors/Tongue	ERR2278852	1	1
Tumors/Tongue	ERR2278854	1	1
Tumors/Tongue	ERR2278856	1	1
Tumors/Tongue	ERR2278862	1	1
Tumors/Tongue	ERR2278865	1	1
Tumors/Tongue	ERR2278866	1	1
Tumors/Tongue	ERR2278868	1	1
Tumors/Tongue	ERR2278869	1	1
Tumors/Tongue	ERR2278876	1	1
Tumors/Tongue	ERR2278877	1	1
Tumors/Tongue	ERR2278881	1	1
Tumors/Tongue	ERR2278882	1	1
Tumors/Tongue	SRR10502313	1	1
Tumors/Tongue	SRR10502314	1	1
Tumors/Tongue	SRR14740626	1	1
Tumors/Tongue	SRR14740627	1	1
Tumors/Tongue	SRR14740628	1	1
Tumors/Tongue	SRR14740629	1	1
Tumors/Tongue	SRR14740632	1	1
Tumors/Tongue	SRR16013048	1	1
Tumors/Tongue	SRR16013050	1	1
Tumors/Tongue	SRR16013056	1	1
Tumors/Tongue	SRR16013059	1	1
Tumors/Tongue	SRR16013064	1	1
Tumors/Tongue	SRR16013065	1	1
Tumors/Tongue	SRR16013067	1	1
Tumors/Tongue	SRR16013070	1	1
Tumors/Tongue	SRR16013078	1	1
Tumors/Tongue	SRR16013079	1	1
Tumors/Tongue	SRR16013080	1	1
Tumors/Tongue	SRR16013082	1	1
Tumors/Tongue	SRR16013083	1	1
Tumors/Tongue	SRR16013084	1	1
Tumors/Tongue	SRR16013088	1	1
Tumors/Tongue	SRR16013090	1	1
Tumors/Tongue	SRR30787015	1	1
Tumors/Tongue	SRR30787018	1	1
Tumors/Tongue	SRR30787022	1	1
Tumors/Tongue	SRR30787031	1	1
Tumors/Tongue	SRR30787037	1	1
Tumors/Tongue	SRR30787039	1	1
Tumors/Tongue	SRR30787057	1	1
Tumors/Tongue	SRR30787058	1	1
Tumors/Tongue	SRR30787065	1	0
Tumors/Tongue	SRR30787074	1	0
Tumors/Tongue	SRR30787082	1	0
Tumors/Tongue	SRR30787096	1	0
Tumors/Tongue	SRR30787100	1	0
Tumors/Tongue	SRR30787101	1	0
Tumors/Tongue	SRR30787102	1	0
Tumors/Tongue	SRR30787109	1	0
Tumors/Tongue	SRR30787110	1	0
Tumors/Tongue	SRR30787111	1	0
Tumors/Tongue	SRR30787117	1	0
Tumors/Tongue	SRR30787119	1	0
Tumors/Tongue	SRR30787120	1	0
