top_label	is_cell_line	is_bulk_sorted	is_control	adjacent_normal	barrett_grade	tissue_origin	run_accession	study_accession	secondary_study_accession	sample_accession	secondary_sample_accession	experiment_accession	submission_accession	tax_id	scientific_name	instrument_platform	instrument_model	library_name	library_strategy	library_source	library_selection	library_layout	read_count	base_count	first_public	last_updated	center_name	study_title	experiment_title	sample_title	sample_description	collection_date	fastq_ftp	fastq_md5	fastq_bytes	submitted_ftp	submitted_md5	submitted_bytes	ScientificName	TaxID	LibraryStrategy	LibrarySource	LibrarySelection	LibraryLayout	BioSample	BioProject
Tumor	no	no	no	no	unknown	unknown	SRR22852801	PRJNA914742	SRP414333	SAMN32353265	SRS16245208	SRX18811761	SRA1563675	9606	Homo sapiens	ILLUMINA	Illumina NovaSeq 6000	GSM6883081	RNA-Seq	TRANSCRIPTOMIC	cDNA	PAIRED	27601125	5520225000	2023-01-16	2023-01-16		Unravelling HRDness and therapeutic opportunities in soft tissue and bone sarcoma	Illumina NovaSeq 6000 sequencing: GSM6883081: USZ-20_SFT1 Homo sapiens RNA-Seq	USZ-20_SFT1	USZ-20_SFT1		ftp.sra.ebi.ac.uk/vol1/fastq/SRR228/001/SRR22852801/SRR22852801_1.fastq.gz;ftp.sra.ebi.ac.uk/vol1/fastq/SRR228/001/SRR22852801/SRR22852801_2.fastq.gz	ecd9ebc18bee74f7da1b89e6574c408c;7113a82faf73311c46fef6384972c903	1356298677;1388962552				Homo sapiens	9606	RNA-Seq	TRANSCRIPTOMIC	cDNA	PAIRED	SAMN32353265	PRJNA914742
Tumor	no	no	no	no	unknown	unknown	SRR22852803	PRJNA914742	SRP414333	SAMN32353268	SRS16245205	SRX18811758	SRA1563675	9606	Homo sapiens	ILLUMINA	Illumina NovaSeq 6000	GSM6883078	RNA-Seq	TRANSCRIPTOMIC	cDNA	PAIRED	41860244	6576419200	2023-02-27	2023-03-11		Unravelling HRDness and therapeutic opportunities in soft tissue and bone sarcoma	Illumina NovaSeq 6000 sequencing: GSM6883078: USZ-20_REA1 Homo sapiens RNA-Seq	USZ-20_REA1	USZ-20_REA1		ftp.sra.ebi.ac.uk/vol1/fastq/SRR228/003/SRR22852803/SRR22852803.fastq.gz;ftp.sra.ebi.ac.uk/vol1/fastq/SRR228/003/SRR22852803/SRR22852803_1.fastq.gz;ftp.sra.ebi.ac.uk/vol1/fastq/SRR228/003/SRR22852803/SRR22852803_2.fastq.gz	c941a11a76ec61d8f602730b6bec9297;77fcd542c6ed7b9e4a747b75cd413cb3;a7f847e768dcd3d5627f04c91752b7d7	1001494663;1347677361;1349570864				Homo sapiens	9606	RNA-Seq	TRANSCRIPTOMIC	cDNA	PAIRED	SAMN32353268	PRJNA914742
Tumor	no	no	no	no	unknown	unknown	SRR22852808	PRJNA914742	SRP414333	SAMN32353272	SRS16245201	SRX18811754	SRA1563675	9606	Homo sapiens	ILLUMINA	Illumina NovaSeq 6000	GSM6883074	RNA-Seq	TRANSCRIPTOMIC	cDNA	PAIRED	30904644	6180928800	2023-01-16	2023-01-16		Unravelling HRDness and therapeutic opportunities in soft tissue and bone sarcoma	Illumina NovaSeq 6000 sequencing: GSM6883074: USZ-21_MFS2 Homo sapiens RNA-Seq	USZ-21_MFS2	USZ-21_MFS2		ftp.sra.ebi.ac.uk/vol1/fastq/SRR228/008/SRR22852808/SRR22852808_1.fastq.gz;ftp.sra.ebi.ac.uk/vol1/fastq/SRR228/008/SRR22852808/SRR22852808_2.fastq.gz	9d7b6a6b143933146c55b70c77213ad5;cea590e9bb77b3b73f30742a79c1981f	1889072670;1703414507				Homo sapiens	9606	RNA-Seq	TRANSCRIPTOMIC	cDNA	PAIRED	SAMN32353272	PRJNA914742
Tumor	no	no	no	no	unknown	unknown	SRR22852810	PRJNA914742	SRP414333	SAMN32353274	SRS16245199	SRX18811752	SRA1563675	9606	Homo sapiens	ILLUMINA	Illumina NovaSeq 6000	GSM6883072	RNA-Seq	TRANSCRIPTOMIC	cDNA	PAIRED	39183607	7122460500	2023-02-27	2023-03-12		Unravelling HRDness and therapeutic opportunities in soft tissue and bone sarcoma	Illumina NovaSeq 6000 sequencing: GSM6883072: NMFH-1 Homo sapiens RNA-Seq	NMFH-1	NMFH-1		ftp.sra.ebi.ac.uk/vol1/fastq/SRR228/010/SRR22852810/SRR22852810.fastq.gz;ftp.sra.ebi.ac.uk/vol1/fastq/SRR228/010/SRR22852810/SRR22852810_1.fastq.gz;ftp.sra.ebi.ac.uk/vol1/fastq/SRR228/010/SRR22852810/SRR22852810_2.fastq.gz	d0f99116e6bc3c38233d68af3df869bf;9a295291cefab45fdd2f22862e8a9aea;2da497e9b5bc28ee693fde6cd890e8ce	449402312;1886694928;1770021958				Homo sapiens	9606	RNA-Seq	TRANSCRIPTOMIC	cDNA	PAIRED	SAMN32353274	PRJNA914742
Tumor	no	no	no	no	unknown	unknown	SRR22852807	PRJNA914742	SRP414333	SAMN32353271	SRS16245202	SRX18811755	SRA1563675	9606	Homo sapiens	ILLUMINA	Illumina NovaSeq 6000	GSM6883075	RNA-Seq	TRANSCRIPTOMIC	cDNA	PAIRED	48607208	9721441600	2023-01-16	2023-01-16		Unravelling HRDness and therapeutic opportunities in soft tissue and bone sarcoma	Illumina NovaSeq 6000 sequencing: GSM6883075: PM197 Homo sapiens RNA-Seq	PM197	PM197		ftp.sra.ebi.ac.uk/vol1/fastq/SRR228/007/SRR22852807/SRR22852807_1.fastq.gz;ftp.sra.ebi.ac.uk/vol1/fastq/SRR228/007/SRR22852807/SRR22852807_2.fastq.gz	4c3a422708e219426eac71d9af621edc;ce8259b3668d198dd2c90e66d6b9f9cd	2909686929;2695612486				Homo sapiens	9606	RNA-Seq	TRANSCRIPTOMIC	cDNA	PAIRED	SAMN32353271	PRJNA914742
Tumor	no	no	no	no	unknown	unknown	SRR22852809	PRJNA914742	SRP414333	SAMN32353273	SRS16245200	SRX18811753	SRA1563675	9606	Homo sapiens	ILLUMINA	Illumina NovaSeq 6000	GSM6883073	RNA-Seq	TRANSCRIPTOMIC	cDNA	PAIRED	43900871	8780174200	2023-01-16	2023-01-16		Unravelling HRDness and therapeutic opportunities in soft tissue and bone sarcoma	Illumina NovaSeq 6000 sequencing: GSM6883073: USZ-21_UPS1 Homo sapiens RNA-Seq	USZ-21_UPS1	USZ-21_UPS1		ftp.sra.ebi.ac.uk/vol1/fastq/SRR228/009/SRR22852809/SRR22852809_1.fastq.gz;ftp.sra.ebi.ac.uk/vol1/fastq/SRR228/009/SRR22852809/SRR22852809_2.fastq.gz	fa4f7d993d1726859ecc6a0bc85b0ba0;61f8f8929f28c45dbd9bd65fc3961f5c	2379972859;2521409682				Homo sapiens	9606	RNA-Seq	TRANSCRIPTOMIC	cDNA	PAIRED	SAMN32353273	PRJNA914742
Tumor	no	no	no	no	unknown	unknown	SRR22852802	PRJNA914742	SRP414333	SAMN32353266	SRS16245207	SRX18811760	SRA1563675	9606	Homo sapiens	ILLUMINA	Illumina NovaSeq 6000	GSM6883080	RNA-Seq	TRANSCRIPTOMIC	cDNA	PAIRED	31093367	6218673400	2023-01-16	2023-01-16		Unravelling HRDness and therapeutic opportunities in soft tissue and bone sarcoma	Illumina NovaSeq 6000 sequencing: GSM6883080: USZ-22_EMC2 Homo sapiens RNA-Seq	USZ-22_EMC2	USZ-22_EMC2		ftp.sra.ebi.ac.uk/vol1/fastq/SRR228/002/SRR22852802/SRR22852802_1.fastq.gz;ftp.sra.ebi.ac.uk/vol1/fastq/SRR228/002/SRR22852802/SRR22852802_2.fastq.gz	d6573855cc1d60fb011531d21905ce18;e9c083d268798fd8c5ecef98b99117b9	1500041229;1558129613				Homo sapiens	9606	RNA-Seq	TRANSCRIPTOMIC	cDNA	PAIRED	SAMN32353266	PRJNA914742
Tumor	no	no	no	no	unknown	unknown	SRR22852804	PRJNA914742	SRP414333	SAMN32353269	SRS16245204	SRX18811757	SRA1563675	9606	Homo sapiens	ILLUMINA	Illumina NovaSeq 6000	GSM6883077	RNA-Seq	TRANSCRIPTOMIC	cDNA	PAIRED	43685081	8737016200	2023-01-16	2023-01-16		Unravelling HRDness and therapeutic opportunities in soft tissue and bone sarcoma	Illumina NovaSeq 6000 sequencing: GSM6883077: USZ-21_CIC1 Homo sapiens RNA-Seq	USZ-21_CIC1	USZ-21_CIC1		ftp.sra.ebi.ac.uk/vol1/fastq/SRR228/004/SRR22852804/SRR22852804_1.fastq.gz;ftp.sra.ebi.ac.uk/vol1/fastq/SRR228/004/SRR22852804/SRR22852804_2.fastq.gz	3a95c1ec8a086565cd9fa1de28c39aba;e9681237ae0e205affcff9dbcf96cd47	2399461012;2491608479				Homo sapiens	9606	RNA-Seq	TRANSCRIPTOMIC	cDNA	PAIRED	SAMN32353269	PRJNA914742
Tumor	no	no	no	no	unknown	unknown	SRR22852805	PRJNA914742	SRP414333	SAMN32353270	SRS16245203	SRX18811756	SRA1563675	9606	Homo sapiens	ILLUMINA	Illumina NovaSeq 6000	GSM6883076	RNA-Seq	TRANSCRIPTOMIC	cDNA	PAIRED	51120390	10224078000	2023-01-16	2023-01-16		Unravelling HRDness and therapeutic opportunities in soft tissue and bone sarcoma	Illumina NovaSeq 6000 sequencing: GSM6883076: OH931 Homo sapiens RNA-Seq	OH931	OH931		ftp.sra.ebi.ac.uk/vol1/fastq/SRR228/005/SRR22852805/SRR22852805_1.fastq.gz;ftp.sra.ebi.ac.uk/vol1/fastq/SRR228/005/SRR22852805/SRR22852805_2.fastq.gz	9b2c2b29efd40165f2bc66adf9284c22;4f4157428c3a935263cf7d0f1eb4b975	2838862028;2913373090				Homo sapiens	9606	RNA-Seq	TRANSCRIPTOMIC	cDNA	PAIRED	SAMN32353270	PRJNA914742
Tumor	no	no	no	no	unknown	unknown	SRR22852806	PRJNA914742	SRP414333	SAMN32353267	SRS16245206	SRX18811759	SRA1563675	9606	Homo sapiens	ILLUMINA	Illumina NovaSeq 6000	GSM6883079	RNA-Seq	TRANSCRIPTOMIC	cDNA	PAIRED	43677405	8735481000	2023-01-16	2023-01-16		Unravelling HRDness and therapeutic opportunities in soft tissue and bone sarcoma	Illumina NovaSeq 6000 sequencing: GSM6883079: USZ-21_LG1 Homo sapiens RNA-Seq	USZ-21_LG1	USZ-21_LG1		ftp.sra.ebi.ac.uk/vol1/fastq/SRR228/006/SRR22852806/SRR22852806_1.fastq.gz;ftp.sra.ebi.ac.uk/vol1/fastq/SRR228/006/SRR22852806/SRR22852806_2.fastq.gz	518e9126310856cb9526ea7bcefba1d4;2e767d47aef6a54f9b4a42c6c935d1c5	2480265780;2481138740				Homo sapiens	9606	RNA-Seq	TRANSCRIPTOMIC	cDNA	PAIRED	SAMN32353267	PRJNA914742
Tumor	no	no	no	no	unknown	unknown	SRR28162623	PRJNA1082199	SRP492531	SAMN40200159	SRS20615960	SRX23792912	SRA1813469	9606	Homo sapiens	ILLUMINA	Illumina NovaSeq 6000	GSM8119380	RNA-Seq	TRANSCRIPTOMIC SINGLE CELL	cDNA	PAIRED	406682850	48441063629	2024-10-27	2024-10-27		Trabectedin Promotes Oncolytic Virus Antitumor Efficacy, Viral Gene Expression, and Immune Effector Function in Models of Bone Sarcoma	Illumina NovaSeq 6000 sequencing: GSM8119380: Trabectedin-treated A673 flank tumor Homo sapiens Mus musculus RNA-Seq	Trabectedin-treated A673 flank tumor	Trabectedin-treated A673 flank tumor	missing	ftp.sra.ebi.ac.uk/vol1/fastq/SRR281/023/SRR28162623/SRR28162623_1.fastq.gz;ftp.sra.ebi.ac.uk/vol1/fastq/SRR281/023/SRR28162623/SRR28162623_2.fastq.gz	f78770233eaa183c4d2fc035bb2bf547;be51983ffb35e03c62a48df6c005b3b0	8875887148;18472260527				Homo sapiens	9606	RNA-Seq	TRANSCRIPTOMIC SINGLE CELL	cDNA	PAIRED	SAMN40200159	PRJNA1082199
Tumor	no	no	no	no	unknown	unknown	SRR28162624	PRJNA1082199	SRP492531	SAMN40200160	SRS20615959	SRX23792911	SRA1813469	9606	Homo sapiens	ILLUMINA	Illumina NovaSeq 6000	GSM8119379	RNA-Seq	TRANSCRIPTOMIC SINGLE CELL	cDNA	PAIRED	395356649	47089941320	2024-10-27	2024-10-27		Trabectedin Promotes Oncolytic Virus Antitumor Efficacy, Viral Gene Expression, and Immune Effector Function in Models of Bone Sarcoma	Illumina NovaSeq 6000 sequencing: GSM8119379: oHSV-treated A673 flank tumor Homo sapiens Mus musculus RNA-Seq	oHSV-treated A673 flank tumor	oHSV-treated A673 flank tumor	missing	ftp.sra.ebi.ac.uk/vol1/fastq/SRR281/024/SRR28162624/SRR28162624_1.fastq.gz;ftp.sra.ebi.ac.uk/vol1/fastq/SRR281/024/SRR28162624/SRR28162624_2.fastq.gz	bcfd421890e15df162f21cfa241541a9;ef4c18627f151b6f9d2ce948dd76cdf3	8626007304;18193124990				Homo sapiens	9606	RNA-Seq	TRANSCRIPTOMIC SINGLE CELL	cDNA	PAIRED	SAMN40200160	PRJNA1082199
Tumor	no	yes	no	no	unknown	unknown	SRR28162629	PRJNA1082199	SRP492531	SAMN40200165	SRS20615954	SRX23792906	SRA1813469	9606	Homo sapiens	ILLUMINA	Illumina NovaSeq 6000	GSM8119374	RNA-Seq	TRANSCRIPTOMIC SINGLE CELL	cDNA	PAIRED	216975278	25620063751	2024-10-27	2024-10-27		Trabectedin Promotes Oncolytic Virus Antitumor Efficacy, Viral Gene Expression, and Immune Effector Function in Models of Bone Sarcoma	Illumina NovaSeq 6000 sequencing: GSM8119374: PBS-treated A673 in nude mouse, CD45- fraction Homo sapiens RNA-Seq	PBS-treated A673 in nude mouse, CD45- fraction	PBS-treated A673 in nude mouse, CD45- fraction	missing	ftp.sra.ebi.ac.uk/vol1/fastq/SRR281/029/SRR28162629/SRR28162629_1.fastq.gz;ftp.sra.ebi.ac.uk/vol1/fastq/SRR281/029/SRR28162629/SRR28162629_2.fastq.gz	8d419d5e1a5292636dcafa63e74c445c;0a6c4fca553d81184b653092fd6b673b	4680662891;10647149488				Homo sapiens	9606	RNA-Seq	TRANSCRIPTOMIC SINGLE CELL	cDNA	PAIRED	SAMN40200165	PRJNA1082199
Tumor	no	yes	no	no	unknown	unknown	SRR28162626	PRJNA1082199	SRP492531	SAMN40200162	SRS20615957	SRX23792909	SRA1813469	9606	Homo sapiens	ILLUMINA	Illumina NovaSeq 6000	GSM8119377	RNA-Seq	TRANSCRIPTOMIC SINGLE CELL	cDNA	PAIRED	219139560	25877346027	2024-10-27	2024-10-27		Trabectedin Promotes Oncolytic Virus Antitumor Efficacy, Viral Gene Expression, and Immune Effector Function in Models of Bone Sarcoma	Illumina NovaSeq 6000 sequencing: GSM8119377: Combination-treated A673 in nude mouse, CD45- fraction Homo sapiens RNA-Seq	Combination-treated A673 in nude mouse, CD45- fraction	Combination-treated A673 in nude mouse, CD45- fraction	missing	ftp.sra.ebi.ac.uk/vol1/fastq/SRR281/026/SRR28162626/SRR28162626_1.fastq.gz;ftp.sra.ebi.ac.uk/vol1/fastq/SRR281/026/SRR28162626/SRR28162626_2.fastq.gz	8956922c56dce68393849fd1b4ee8bc8;b044bed85388c04b36cde0a89b6f14a4	4728631209;10624519828				Homo sapiens	9606	RNA-Seq	TRANSCRIPTOMIC SINGLE CELL	cDNA	PAIRED	SAMN40200162	PRJNA1082199
Tumor	no	yes	no	no	unknown	unknown	SRR28162628	PRJNA1082199	SRP492531	SAMN40200164	SRS20615955	SRX23792907	SRA1813469	9606	Homo sapiens	ILLUMINA	Illumina NovaSeq 6000	GSM8119375	RNA-Seq	TRANSCRIPTOMIC SINGLE CELL	cDNA	PAIRED	204989588	24207694308	2024-10-27	2024-10-27		Trabectedin Promotes Oncolytic Virus Antitumor Efficacy, Viral Gene Expression, and Immune Effector Function in Models of Bone Sarcoma	Illumina NovaSeq 6000 sequencing: GSM8119375: oHSV-treated A673 in nude mouse, CD45- fraction Homo sapiens RNA-Seq	oHSV-treated A673 in nude mouse, CD45- fraction	oHSV-treated A673 in nude mouse, CD45- fraction	missing	ftp.sra.ebi.ac.uk/vol1/fastq/SRR281/028/SRR28162628/SRR28162628_1.fastq.gz;ftp.sra.ebi.ac.uk/vol1/fastq/SRR281/028/SRR28162628/SRR28162628_2.fastq.gz	78b42b36de5f85151e428f1582898830;73d0c0688af43b0b808fdd60851d3489	4434380810;9801572484				Homo sapiens	9606	RNA-Seq	TRANSCRIPTOMIC SINGLE CELL	cDNA	PAIRED	SAMN40200164	PRJNA1082199
Tumor	no	no	no	no	unknown	unknown	SRR28162622	PRJNA1082199	SRP492531	SAMN40200158	SRS20615961	SRX23792913	SRA1813469	9606	Homo sapiens	ILLUMINA	Illumina NovaSeq 6000	GSM8119381	RNA-Seq	TRANSCRIPTOMIC SINGLE CELL	cDNA	PAIRED	390160938	46474091410	2024-10-27	2024-10-27		Trabectedin Promotes Oncolytic Virus Antitumor Efficacy, Viral Gene Expression, and Immune Effector Function in Models of Bone Sarcoma	Illumina NovaSeq 6000 sequencing: GSM8119381: Combination-treated A673 flank tumor Homo sapiens Mus musculus RNA-Seq	Combination-treated A673 flank tumor	Combination-treated A673 flank tumor	missing	ftp.sra.ebi.ac.uk/vol1/fastq/SRR281/022/SRR28162622/SRR28162622_1.fastq.gz;ftp.sra.ebi.ac.uk/vol1/fastq/SRR281/022/SRR28162622/SRR28162622_2.fastq.gz	0ffcdd6b9edd9c8f485cf0353a17d8cc;e0f444257dd476032e42d6db2ff5ecbb	8487021631;17887551329				Homo sapiens	9606	RNA-Seq	TRANSCRIPTOMIC SINGLE CELL	cDNA	PAIRED	SAMN40200158	PRJNA1082199
Tumor	no	no	no	no	unknown	unknown	SRR28162625	PRJNA1082199	SRP492531	SAMN40200161	SRS20615958	SRX23792910	SRA1813469	9606	Homo sapiens	ILLUMINA	Illumina NovaSeq 6000	GSM8119378	RNA-Seq	TRANSCRIPTOMIC SINGLE CELL	cDNA	PAIRED	503626061	59986087765	2024-10-27	2024-10-27		Trabectedin Promotes Oncolytic Virus Antitumor Efficacy, Viral Gene Expression, and Immune Effector Function in Models of Bone Sarcoma	Illumina NovaSeq 6000 sequencing: GSM8119378: PBS-treated A673 flank tumor Homo sapiens Mus musculus RNA-Seq	PBS-treated A673 flank tumor	PBS-treated A673 flank tumor	missing	ftp.sra.ebi.ac.uk/vol1/fastq/SRR281/025/SRR28162625/SRR28162625_1.fastq.gz;ftp.sra.ebi.ac.uk/vol1/fastq/SRR281/025/SRR28162625/SRR28162625_2.fastq.gz	b8f3d9f905978505a1879b91f6aaca09;1bad8bf5855c74fcd8a5d8f534a5e7f3	11001880932;23172264424				Homo sapiens	9606	RNA-Seq	TRANSCRIPTOMIC SINGLE CELL	cDNA	PAIRED	SAMN40200161	PRJNA1082199
Tumor	no	yes	no	no	unknown	unknown	SRR28162627	PRJNA1082199	SRP492531	SAMN40200163	SRS20615956	SRX23792908	SRA1813469	9606	Homo sapiens	ILLUMINA	Illumina NovaSeq 6000	GSM8119376	RNA-Seq	TRANSCRIPTOMIC SINGLE CELL	cDNA	PAIRED	201452766	23786512347	2024-10-27	2024-10-27		Trabectedin Promotes Oncolytic Virus Antitumor Efficacy, Viral Gene Expression, and Immune Effector Function in Models of Bone Sarcoma	Illumina NovaSeq 6000 sequencing: GSM8119376: Trabectedin-treated A673 in nude mouse, CD45- fraction Homo sapiens RNA-Seq	Trabectedin-treated A673 in nude mouse, CD45- fraction	Trabectedin-treated A673 in nude mouse, CD45- fraction	missing	ftp.sra.ebi.ac.uk/vol1/fastq/SRR281/027/SRR28162627/SRR28162627_1.fastq.gz;ftp.sra.ebi.ac.uk/vol1/fastq/SRR281/027/SRR28162627/SRR28162627_2.fastq.gz	3ca78cf0c452ae70a621e7a73e604dcd;c6591b3d592a8212bf3c3e08a6c70955	4356614072;9802872553				Homo sapiens	9606	RNA-Seq	TRANSCRIPTOMIC SINGLE CELL	cDNA	PAIRED	SAMN40200163	PRJNA1082199
Tumor	no	no	no	no	unknown	unknown	SRR14772115	PRJNA736465	SRP323469	SAMN19647247	SRS9170081	SRX11105470	SRA1243113	9606	Homo sapiens	ILLUMINA	Illumina NovaSeq 6000	SJSA11A	RNA-Seq	TRANSCRIPTOMIC	RANDOM PCR	PAIRED	29733308	8919992400	2022-07-06	2022-12-20	SUB9807496	RNA-seq of HDACi treatment	Illumina NovaSeq 6000 sequencing: RNA-seq of Homo sapiens: bone cancer cells	Human sample from Homo sapiens	Human sample from Homo sapiens		ftp.sra.ebi.ac.uk/vol1/fastq/SRR147/015/SRR14772115/SRR14772115_1.fastq.gz;ftp.sra.ebi.ac.uk/vol1/fastq/SRR147/015/SRR14772115/SRR14772115_2.fastq.gz	509eeffc04151d28dcbf2777c72c7b34;61ddb5f7e986d7e8de9ba74887be84b7	1972070366;2029229659				Homo sapiens	9606	RNA-Seq	TRANSCRIPTOMIC	RANDOM PCR	PAIRED	SAMN19647247	PRJNA736465
Tumor	no	no	no	no	unknown	unknown	SRR14772117	PRJNA736465	SRP323469	SAMN19647245	SRS9170079	SRX11105468	SRA1243113	9606	Homo sapiens	ILLUMINA	Illumina NovaSeq 6000	SJSA10B	RNA-Seq	TRANSCRIPTOMIC	RANDOM PCR	PAIRED	31584236	9475270800	2022-07-06	2022-07-07	SUB9807496	RNA-seq of HDACi treatment	Illumina NovaSeq 6000 sequencing: RNA-seq of Homo sapiens: bone cancer cells	Human sample from Homo sapiens	Human sample from Homo sapiens		ftp.sra.ebi.ac.uk/vol1/fastq/SRR147/017/SRR14772117/SRR14772117_1.fastq.gz;ftp.sra.ebi.ac.uk/vol1/fastq/SRR147/017/SRR14772117/SRR14772117_2.fastq.gz	2b4cb12ff3edbe91c843f8092dd9bf78;abaf6a2c6d6d8e1001ddbc811385775a	2090076222;2154821334				Homo sapiens	9606	RNA-Seq	TRANSCRIPTOMIC	RANDOM PCR	PAIRED	SAMN19647245	PRJNA736465
Tumor	no	no	no	no	unknown	unknown	SRR14772120	PRJNA736465	SRP323469	SAMN19647242	SRS9170076	SRX11105465	SRA1243113	9606	Homo sapiens	ILLUMINA	Illumina NovaSeq 6000	hFOB1B	RNA-Seq	TRANSCRIPTOMIC	RANDOM PCR	PAIRED	24705226	7411567800	2022-07-06	2022-07-07	SUB9807496	RNA-seq of HDACi treatment	Illumina NovaSeq 6000 sequencing: RNA-seq of Homo sapiens: bone cancer cells	Human sample from Homo sapiens	Human sample from Homo sapiens		ftp.sra.ebi.ac.uk/vol1/fastq/SRR147/020/SRR14772120/SRR14772120_1.fastq.gz;ftp.sra.ebi.ac.uk/vol1/fastq/SRR147/020/SRR14772120/SRR14772120_2.fastq.gz	f61b6c3f24ac1fca4af902f998c22292;b024f3d42603fafd8e61b9ee46e31b41	1640459492;1670142585				Homo sapiens	9606	RNA-Seq	TRANSCRIPTOMIC	RANDOM PCR	PAIRED	SAMN19647242	PRJNA736465
Tumor	no	no	no	no	unknown	unknown	SRR14772121	PRJNA736465	SRP323469	SAMN19647241	SRS9170075	SRX11105464	SRA1243113	9606	Homo sapiens	ILLUMINA	Illumina NovaSeq 6000	hFOB1A	RNA-Seq	TRANSCRIPTOMIC	RANDOM PCR	PAIRED	21691150	6507345000	2022-07-06	2022-12-20	SUB9807496	RNA-seq of HDACi treatment	Illumina NovaSeq 6000 sequencing: RNA-seq of Homo sapiens: bone cancer cells	Human sample from Homo sapiens	Human sample from Homo sapiens		ftp.sra.ebi.ac.uk/vol1/fastq/SRR147/021/SRR14772121/SRR14772121_1.fastq.gz;ftp.sra.ebi.ac.uk/vol1/fastq/SRR147/021/SRR14772121/SRR14772121_2.fastq.gz	8128bd1cf29c322ba7bcc5404feadb8e;822b47b5952c1d450afa4a8855fa62a9	1432995239;1454805019				Homo sapiens	9606	RNA-Seq	TRANSCRIPTOMIC	RANDOM PCR	PAIRED	SAMN19647241	PRJNA736465
Tumor	no	no	no	no	unknown	unknown	SRR14772118	PRJNA736465	SRP323469	SAMN19647244	SRS9170078	SRX11105467	SRA1243113	9606	Homo sapiens	ILLUMINA	Illumina NovaSeq 6000	SJSA10A	RNA-Seq	TRANSCRIPTOMIC	RANDOM PCR	PAIRED	30810536	9243160800	2022-07-06	2022-07-06	SUB9807496	RNA-seq of HDACi treatment	Illumina NovaSeq 6000 sequencing: RNA-seq of Homo sapiens: bone cancer cells	Human sample from Homo sapiens	Human sample from Homo sapiens		ftp.sra.ebi.ac.uk/vol1/fastq/SRR147/018/SRR14772118/SRR14772118_1.fastq.gz;ftp.sra.ebi.ac.uk/vol1/fastq/SRR147/018/SRR14772118/SRR14772118_2.fastq.gz	f50cdf14cdad7fc00e1b0ed6d5e02965;9167b222b0244323887fd9dcc4d82fb1	2047014580;2069994565				Homo sapiens	9606	RNA-Seq	TRANSCRIPTOMIC	RANDOM PCR	PAIRED	SAMN19647244	PRJNA736465
Tumor	no	no	no	no	unknown	unknown	SRR14772119	PRJNA736465	SRP323469	SAMN19647243	SRS9170077	SRX11105466	SRA1243113	9606	Homo sapiens	ILLUMINA	Illumina NovaSeq 6000	hFOB1C	RNA-Seq	TRANSCRIPTOMIC	RANDOM PCR	PAIRED	27324704	8197411200	2022-07-06	2022-07-07	SUB9807496	RNA-seq of HDACi treatment	Illumina NovaSeq 6000 sequencing: RNA-seq of Homo sapiens: bone cancer cells	Human sample from Homo sapiens	Human sample from Homo sapiens		ftp.sra.ebi.ac.uk/vol1/fastq/SRR147/019/SRR14772119/SRR14772119_1.fastq.gz;ftp.sra.ebi.ac.uk/vol1/fastq/SRR147/019/SRR14772119/SRR14772119_2.fastq.gz	117bcbfce8b8ba5eafc29d28aef56689;311e79f08fc551c33b2032ed2a74a10b	1801980017;1834640223				Homo sapiens	9606	RNA-Seq	TRANSCRIPTOMIC	RANDOM PCR	PAIRED	SAMN19647243	PRJNA736465
Tumor	no	no	no	no	unknown	unknown	SRR14772123	PRJNA736465	SRP323469	SAMN19647249	SRS9170072	SRX11105462	SRA1243113	9606	Homo sapiens	ILLUMINA	Illumina NovaSeq 6000	SJSA11C	RNA-Seq	TRANSCRIPTOMIC	RANDOM PCR	PAIRED	27502619	8250785700	2022-07-06	2022-12-20	SUB9807496	RNA-seq of HDACi treatment	Illumina NovaSeq 6000 sequencing: RNA-seq of Homo sapiens: bone cancer cells	Human sample from Homo sapiens	Human sample from Homo sapiens		ftp.sra.ebi.ac.uk/vol1/fastq/SRR147/023/SRR14772123/SRR14772123_1.fastq.gz;ftp.sra.ebi.ac.uk/vol1/fastq/SRR147/023/SRR14772123/SRR14772123_2.fastq.gz	4b5a3e7213902dd5139ce56c34745be7;6cbd492be7f4bd151854856d040a71d3	1838648280;1914652813				Homo sapiens	9606	RNA-Seq	TRANSCRIPTOMIC	RANDOM PCR	PAIRED	SAMN19647249	PRJNA736465
Tumor	no	no	no	no	unknown	unknown	SRR14772126	PRJNA736465	SRP323469	SAMN19647238	SRS9170070	SRX11105459	SRA1243113	9606	Homo sapiens	ILLUMINA	Illumina NovaSeq 6000	hFOB0A	RNA-Seq	TRANSCRIPTOMIC	RANDOM PCR	PAIRED	27404477	8221343100	2022-07-06	2022-12-19	SUB9807496	RNA-seq of HDACi treatment	Illumina NovaSeq 6000 sequencing: RNA-seq of Homo sapiens: bone cancer cells	Human sample from Homo sapiens	Human sample from Homo sapiens		ftp.sra.ebi.ac.uk/vol1/fastq/SRR147/026/SRR14772126/SRR14772126_1.fastq.gz;ftp.sra.ebi.ac.uk/vol1/fastq/SRR147/026/SRR14772126/SRR14772126_2.fastq.gz	00fe66c5e4f95a7a9757b6f25ce96661;4c9ed36374f51d6f42e1b0b157a51570	1811073272;1872191922				Homo sapiens	9606	RNA-Seq	TRANSCRIPTOMIC	RANDOM PCR	PAIRED	SAMN19647238	PRJNA736465
Tumor	no	no	no	no	unknown	unknown	SRR14772116	PRJNA736465	SRP323469	SAMN19647246	SRS9170080	SRX11105469	SRA1243113	9606	Homo sapiens	ILLUMINA	Illumina NovaSeq 6000	SJSA10C	RNA-Seq	TRANSCRIPTOMIC	RANDOM PCR	PAIRED	28955451	8686635300	2022-07-06	2022-12-20	SUB9807496	RNA-seq of HDACi treatment	Illumina NovaSeq 6000 sequencing: RNA-seq of Homo sapiens: bone cancer cells	Human sample from Homo sapiens	Human sample from Homo sapiens		ftp.sra.ebi.ac.uk/vol1/fastq/SRR147/016/SRR14772116/SRR14772116_1.fastq.gz;ftp.sra.ebi.ac.uk/vol1/fastq/SRR147/016/SRR14772116/SRR14772116_2.fastq.gz	a110c1c8e02f5e85dc2dbe4120d611c9;ab102d716a2b71dd0792bab6de152b09	1911664667;1953897881				Homo sapiens	9606	RNA-Seq	TRANSCRIPTOMIC	RANDOM PCR	PAIRED	SAMN19647246	PRJNA736465
Tumor	no	no	no	no	unknown	unknown	SRR14772122	PRJNA736465	SRP323469	SAMN19647240	SRS9170074	SRX11105463	SRA1243113	9606	Homo sapiens	ILLUMINA	Illumina NovaSeq 6000	hFOB0C	RNA-Seq	TRANSCRIPTOMIC	RANDOM PCR	PAIRED	29683805	8905141500	2022-07-06	2022-12-20	SUB9807496	RNA-seq of HDACi treatment	Illumina NovaSeq 6000 sequencing: RNA-seq of Homo sapiens: bone cancer cells	Human sample from Homo sapiens	Human sample from Homo sapiens		ftp.sra.ebi.ac.uk/vol1/fastq/SRR147/022/SRR14772122/SRR14772122_1.fastq.gz;ftp.sra.ebi.ac.uk/vol1/fastq/SRR147/022/SRR14772122/SRR14772122_2.fastq.gz	b2f6950d689bda1c107afef45ef32163;865470889dd1c567497936bbff44a20a	1960871014;1989649483				Homo sapiens	9606	RNA-Seq	TRANSCRIPTOMIC	RANDOM PCR	PAIRED	SAMN19647240	PRJNA736465
Tumor	no	no	no	no	unknown	unknown	SRR14772124	PRJNA736465	SRP323469	SAMN19647248	SRS9170071	SRX11105461	SRA1243113	9606	Homo sapiens	ILLUMINA	Illumina NovaSeq 6000	SJSA11B	RNA-Seq	TRANSCRIPTOMIC	RANDOM PCR	PAIRED	30173809	9052142700	2022-07-06	2022-12-20	SUB9807496	RNA-seq of HDACi treatment	Illumina NovaSeq 6000 sequencing: RNA-seq of Homo sapiens: bone cancer cells	Human sample from Homo sapiens	Human sample from Homo sapiens		ftp.sra.ebi.ac.uk/vol1/fastq/SRR147/024/SRR14772124/SRR14772124_1.fastq.gz;ftp.sra.ebi.ac.uk/vol1/fastq/SRR147/024/SRR14772124/SRR14772124_2.fastq.gz	e18b655973bd6db3013abd0d25761073;a5de87f133bf0eabd3aa6378bb6cd439	1993767641;2056582203				Homo sapiens	9606	RNA-Seq	TRANSCRIPTOMIC	RANDOM PCR	PAIRED	SAMN19647248	PRJNA736465
Tumor	no	no	no	no	unknown	unknown	SRR14772125	PRJNA736465	SRP323469	SAMN19647239	SRS9170073	SRX11105460	SRA1243113	9606	Homo sapiens	ILLUMINA	Illumina NovaSeq 6000	hFOB0B	RNA-Seq	TRANSCRIPTOMIC	RANDOM PCR	PAIRED	28946443	8683932900	2022-07-06	2022-12-20	SUB9807496	RNA-seq of HDACi treatment	Illumina NovaSeq 6000 sequencing: RNA-seq of Homo sapiens: bone cancer cells	Human sample from Homo sapiens	Human sample from Homo sapiens		ftp.sra.ebi.ac.uk/vol1/fastq/SRR147/025/SRR14772125/SRR14772125_1.fastq.gz;ftp.sra.ebi.ac.uk/vol1/fastq/SRR147/025/SRR14772125/SRR14772125_2.fastq.gz	ccb32a0c478b763dd9f196eb12eabbfe;cb486143bf6c514abc8ca547a0e01719	1912500181;1972548853				Homo sapiens	9606	RNA-Seq	TRANSCRIPTOMIC	RANDOM PCR	PAIRED	SAMN19647239	PRJNA736465
Cell line	yes	no	no	no	unknown	unknown	SRR13728477	PRJNA702268	SRP306795	SAMN17935324	SRS8271797	SRX10116522	SRA1197016	9606	Homo sapiens	ILLUMINA	Illumina HiSeq 2500	MNNG pLUC P2X7RB Ago R1	RNA-Seq	TRANSCRIPTOMIC	PCR	PAIRED	21515281	6454584300	2022-02-02	2022-02-27	SUB9028145	The P2X7RB splice variant modulates osteosarcoma cell behaviour and associated primary bone cancer progression	Illumina HiSeq 2500 sequencing: RNA-seq of Homo sapiens osteosarcoma cell line	MNNG pLUC P2X7RB Ago R1	MNNG pLUC P2X7RB Ago R1		ftp.sra.ebi.ac.uk/vol1/fastq/SRR137/077/SRR13728477/SRR13728477_1.fastq.gz;ftp.sra.ebi.ac.uk/vol1/fastq/SRR137/077/SRR13728477/SRR13728477_2.fastq.gz	ea50b656e0a5920b0f1aae086dae09bf;676a122403dcda1c6f3df667c8325aee	1465014444;1518474257				Homo sapiens	9606	RNA-Seq	TRANSCRIPTOMIC	PCR	PAIRED	SAMN17935324	PRJNA702268
Cell line	yes	no	no	no	unknown	unknown	SRR13728480	PRJNA702268	SRP306795	SAMN17935321	SRS8271794	SRX10116519	SRA1197016	9606	Homo sapiens	ILLUMINA	Illumina HiSeq 2500	MNNG pLUC Antag R1	RNA-Seq	TRANSCRIPTOMIC	PCR	PAIRED	25134391	7540317300	2022-02-02	2022-02-27	SUB9028145	The P2X7RB splice variant modulates osteosarcoma cell behaviour and associated primary bone cancer progression	Illumina HiSeq 2500 sequencing: RNA-seq of Homo sapiens osteosarcoma cell line	MNNG pLUC Antag R1	MNNG pLUC Antag R1		ftp.sra.ebi.ac.uk/vol1/fastq/SRR137/080/SRR13728480/SRR13728480_1.fastq.gz;ftp.sra.ebi.ac.uk/vol1/fastq/SRR137/080/SRR13728480/SRR13728480_2.fastq.gz	8744452e262a5babf916b99ef7e3240a;2b303316bf7d96d8d0f7f248c1bb41b8	1624774646;1703854855				Homo sapiens	9606	RNA-Seq	TRANSCRIPTOMIC	PCR	PAIRED	SAMN17935321	PRJNA702268
Cell line	yes	no	no	no	unknown	unknown	SRR13728483	PRJNA702268	SRP306795	SAMN17935350	SRS8271791	SRX10116516	SRA1197016	9606	Homo sapiens	ILLUMINA	Illumina HiSeq 2500	MNNG pLUC P2X7RB A&A R3	RNA-Seq	TRANSCRIPTOMIC	PCR	PAIRED	24961367	7488410100	2022-02-02	2022-02-27	SUB9028145	The P2X7RB splice variant modulates osteosarcoma cell behaviour and associated primary bone cancer progression	Illumina HiSeq 2500 sequencing: RNA-seq of Homo sapiens osteosarcoma cell line	MNNG pLUC P2X7RB A&A R3	MNNG pLUC P2X7RB A&A R3		ftp.sra.ebi.ac.uk/vol1/fastq/SRR137/083/SRR13728483/SRR13728483_1.fastq.gz;ftp.sra.ebi.ac.uk/vol1/fastq/SRR137/083/SRR13728483/SRR13728483_2.fastq.gz	9d1efd92b1d193c379203c665998d0a3;c8fab3eea6a9278cbdd0774e455f690a	1667150804;1741992954				Homo sapiens	9606	RNA-Seq	TRANSCRIPTOMIC	PCR	PAIRED	SAMN17935350	PRJNA702268
Cell line	yes	no	no	no	unknown	unknown	SRR13728486	PRJNA702268	SRP306795	SAMN17935347	SRS8271788	SRX10116513	SRA1197016	9606	Homo sapiens	ILLUMINA	Illumina HiSeq 2500	MNNG pLUC P2X7RB WT R3	RNA-Seq	TRANSCRIPTOMIC	PCR	PAIRED	23246798	6974039400	2022-02-02	2022-02-27	SUB9028145	The P2X7RB splice variant modulates osteosarcoma cell behaviour and associated primary bone cancer progression	Illumina HiSeq 2500 sequencing: RNA-seq of Homo sapiens osteosarcoma cell line	MNNG pLUC P2X7RB WT R3	MNNG pLUC P2X7RB WT R3		ftp.sra.ebi.ac.uk/vol1/fastq/SRR137/086/SRR13728486/SRR13728486_1.fastq.gz;ftp.sra.ebi.ac.uk/vol1/fastq/SRR137/086/SRR13728486/SRR13728486_2.fastq.gz	ec208ba059b1083ce4cae790ded207b6;4d5b1c65e25dc52fb1ce48c71b456bac	1563734398;1619887328				Homo sapiens	9606	RNA-Seq	TRANSCRIPTOMIC	PCR	PAIRED	SAMN17935347	PRJNA702268
Cell line	yes	no	no	no	unknown	unknown	SRR13728487	PRJNA702268	SRP306795	SAMN17935346	SRS8271787	SRX10116512	SRA1197016	9606	Homo sapiens	ILLUMINA	Illumina HiSeq 2500	MNNG pLUC A&A R3	RNA-Seq	TRANSCRIPTOMIC	PCR	PAIRED	28739358	8621807400	2022-02-02	2022-02-23	SUB9028145	The P2X7RB splice variant modulates osteosarcoma cell behaviour and associated primary bone cancer progression	Illumina HiSeq 2500 sequencing: RNA-seq of Homo sapiens osteosarcoma cell line	MNNG pLUC A&A R3	MNNG pLUC A&A R3		ftp.sra.ebi.ac.uk/vol1/fastq/SRR137/087/SRR13728487/SRR13728487_1.fastq.gz;ftp.sra.ebi.ac.uk/vol1/fastq/SRR137/087/SRR13728487/SRR13728487_2.fastq.gz	8ad14da16400c1bf7408244780c3d684;abb1ce7f196c84b098ce64f8d8040f5e	1921219376;2015111538				Homo sapiens	9606	RNA-Seq	TRANSCRIPTOMIC	PCR	PAIRED	SAMN17935346	PRJNA702268
Cell line	yes	no	no	no	unknown	unknown	SRR13728501	PRJNA702268	SRP306795	SAMN17935334	SRS8271773	SRX10116498	SRA1197016	9606	Homo sapiens	ILLUMINA	Illumina HiSeq 2500	MNNG pLUC A&A R2	RNA-Seq	TRANSCRIPTOMIC	PCR	PAIRED	22109345	6632803500	2022-02-02	2022-02-28	SUB9028145	The P2X7RB splice variant modulates osteosarcoma cell behaviour and associated primary bone cancer progression	Illumina HiSeq 2500 sequencing: RNA-seq of Homo sapiens osteosarcoma cell line	MNNG pLUC A&A R2	MNNG pLUC A&A R2		ftp.sra.ebi.ac.uk/vol1/fastq/SRR137/001/SRR13728501/SRR13728501_1.fastq.gz;ftp.sra.ebi.ac.uk/vol1/fastq/SRR137/001/SRR13728501/SRR13728501_2.fastq.gz	74d8053e44deab0621a4112df6f49b4a;4dde3315ccafaca41faa5350f6862df7	1490108057;1547857331				Homo sapiens	9606	RNA-Seq	TRANSCRIPTOMIC	PCR	PAIRED	SAMN17935334	PRJNA702268
Cell line	yes	no	no	no	unknown	unknown	SRR13728505	PRJNA702268	SRP306795	SAMN17935330	SRS8271769	SRX10116494	SRA1197016	9606	Homo sapiens	ILLUMINA	Illumina HiSeq 2500	MNNG Naive A&I R2	RNA-Seq	TRANSCRIPTOMIC	PCR	PAIRED	20857702	6257310600	2022-02-02	2022-02-24	SUB9028145	The P2X7RB splice variant modulates osteosarcoma cell behaviour and associated primary bone cancer progression	Illumina HiSeq 2500 sequencing: RNA-seq of Homo sapiens osteosarcoma cell line	MNNG Naive A&I R2	MNNG Naive A&I R2		ftp.sra.ebi.ac.uk/vol1/fastq/SRR137/005/SRR13728505/SRR13728505_1.fastq.gz;ftp.sra.ebi.ac.uk/vol1/fastq/SRR137/005/SRR13728505/SRR13728505_2.fastq.gz	6329396c47ab1e8af155c4510acfb940;03e4bb5526fb6bee2ae3d85e5a7d4fb8	1401497769;1441801279				Homo sapiens	9606	RNA-Seq	TRANSCRIPTOMIC	PCR	PAIRED	SAMN17935330	PRJNA702268
Cell line	yes	no	no	no	unknown	unknown	SRR13728507	PRJNA702268	SRP306795	SAMN17935328	SRS8271767	SRX10116492	SRA1197016	9606	Homo sapiens	ILLUMINA	Illumina HiSeq 2500	MNNG Naive Agonist R2	RNA-Seq	TRANSCRIPTOMIC	PCR	PAIRED	27913050	8373915000	2022-02-02	2022-02-27	SUB9028145	The P2X7RB splice variant modulates osteosarcoma cell behaviour and associated primary bone cancer progression	Illumina HiSeq 2500 sequencing: RNA-seq of Homo sapiens osteosarcoma cell line	MNNG Naive Agonist R2	MNNG Naive Agonist R2		ftp.sra.ebi.ac.uk/vol1/fastq/SRR137/007/SRR13728507/SRR13728507_1.fastq.gz;ftp.sra.ebi.ac.uk/vol1/fastq/SRR137/007/SRR13728507/SRR13728507_2.fastq.gz	68aea86327ddc57639d7b8f75d2df4e7;b774b342f400a50364c8ed32901c0b5d	1879517553;1931837079				Homo sapiens	9606	RNA-Seq	TRANSCRIPTOMIC	PCR	PAIRED	SAMN17935328	PRJNA702268
Cell line	yes	no	no	no	unknown	unknown	SRR13728508	PRJNA702268	SRP306795	SAMN17935327	SRS8271765	SRX10116491	SRA1197016	9606	Homo sapiens	ILLUMINA	Illumina HiSeq 2500	MNNG Naive Wild Type R2	RNA-Seq	TRANSCRIPTOMIC	PCR	PAIRED	21775116	6532534800	2022-02-02	2022-02-24	SUB9028145	The P2X7RB splice variant modulates osteosarcoma cell behaviour and associated primary bone cancer progression	Illumina HiSeq 2500 sequencing: RNA-seq of Homo sapiens osteosarcoma cell line	MNNG Naive Wild Type R2	MNNG Naive Wild Type R2		ftp.sra.ebi.ac.uk/vol1/fastq/SRR137/008/SRR13728508/SRR13728508_1.fastq.gz;ftp.sra.ebi.ac.uk/vol1/fastq/SRR137/008/SRR13728508/SRR13728508_2.fastq.gz	261e0d30b7e1eed4abbdd6e26e226967;b51440fc84b5c160a14bcb09b17f44c2	1468017372;1499921974				Homo sapiens	9606	RNA-Seq	TRANSCRIPTOMIC	PCR	PAIRED	SAMN17935327	PRJNA702268
Cell line	yes	no	no	no	unknown	unknown	SRR13728510	PRJNA702268	SRP306795	SAMN17935325	SRS8271766	SRX10116489	SRA1197016	9606	Homo sapiens	ILLUMINA	Illumina HiSeq 2500	MNNG pLUC P2X7RB Antag R1	RNA-Seq	TRANSCRIPTOMIC	PCR	PAIRED	22640630	6792189000	2022-02-02	2022-02-28	SUB9028145	The P2X7RB splice variant modulates osteosarcoma cell behaviour and associated primary bone cancer progression	Illumina HiSeq 2500 sequencing: RNA-seq of Homo sapiens osteosarcoma cell line	MNNG pLUC P2X7RB Antag R1	MNNG pLUC P2X7RB Antag R1		ftp.sra.ebi.ac.uk/vol1/fastq/SRR137/010/SRR13728510/SRR13728510_1.fastq.gz;ftp.sra.ebi.ac.uk/vol1/fastq/SRR137/010/SRR13728510/SRR13728510_2.fastq.gz	08cfb3c9b256b7b9631df6f7e2b90acb;eaceed6f4f820b3d834c56c04fe7cb46	1531702812;1585986242				Homo sapiens	9606	RNA-Seq	TRANSCRIPTOMIC	PCR	PAIRED	SAMN17935325	PRJNA702268
Cell line	yes	no	no	no	unknown	unknown	SRR13728511	PRJNA702268	SRP306795	SAMN17935316	SRS8271762	SRX10116488	SRA1197016	9606	Homo sapiens	ILLUMINA	Illumina HiSeq 2500	MNNG Naive Agonist R1	RNA-Seq	TRANSCRIPTOMIC	PCR	PAIRED	30766433	9229929900	2022-02-02	2022-02-23	SUB9028145	The P2X7RB splice variant modulates osteosarcoma cell behaviour and associated primary bone cancer progression	Illumina HiSeq 2500 sequencing: RNA-seq of Homo sapiens osteosarcoma cell line	MNNG Naive Agonist R1	MNNG Naive Agonist R1		ftp.sra.ebi.ac.uk/vol1/fastq/SRR137/011/SRR13728511/SRR13728511_1.fastq.gz;ftp.sra.ebi.ac.uk/vol1/fastq/SRR137/011/SRR13728511/SRR13728511_2.fastq.gz	d515bc3c87f21c2a60b979b6c43d24f3;2a8c8b0e99afb1eeed94aa497cfba4a3	2063419222;2172176565				Homo sapiens	9606	RNA-Seq	TRANSCRIPTOMIC	PCR	PAIRED	SAMN17935316	PRJNA702268
Cell line	yes	no	no	no	unknown	unknown	SRR13728512	PRJNA702268	SRP306795	SAMN17935315	SRS8271764	SRX10116487	SRA1197016	9606	Homo sapiens	ILLUMINA	Illumina HiSeq 2500	MNNG Naive Wild Type R1	RNA-Seq	TRANSCRIPTOMIC	PCR	PAIRED	28246801	8474040300	2022-02-02	2022-02-23	SUB9028145	The P2X7RB splice variant modulates osteosarcoma cell behaviour and associated primary bone cancer progression	Illumina HiSeq 2500 sequencing: RNA-seq of Homo sapiens osteosarcoma cell line	MNNG Naive Wild Type R1	MNNG Naive Wild Type R1		ftp.sra.ebi.ac.uk/vol1/fastq/SRR137/012/SRR13728512/SRR13728512_1.fastq.gz;ftp.sra.ebi.ac.uk/vol1/fastq/SRR137/012/SRR13728512/SRR13728512_2.fastq.gz	9a31f30081c2dec4c65e1d6b522f2976;c86d501976ea964be4b85921cf0b19e3	1906510821;1986531100				Homo sapiens	9606	RNA-Seq	TRANSCRIPTOMIC	PCR	PAIRED	SAMN17935315	PRJNA702268
Cell line	yes	no	no	no	unknown	unknown	SRR13728479	PRJNA702268	SRP306795	SAMN17935322	SRS8271795	SRX10116520	SRA1197016	9606	Homo sapiens	ILLUMINA	Illumina HiSeq 2500	MNNG pLUC A&A R1	RNA-Seq	TRANSCRIPTOMIC	PCR	PAIRED	22832718	6849815400	2022-02-02	2022-02-23	SUB9028145	The P2X7RB splice variant modulates osteosarcoma cell behaviour and associated primary bone cancer progression	Illumina HiSeq 2500 sequencing: RNA-seq of Homo sapiens osteosarcoma cell line	MNNG pLUC A&A R1	MNNG pLUC A&A R1		ftp.sra.ebi.ac.uk/vol1/fastq/SRR137/079/SRR13728479/SRR13728479_1.fastq.gz;ftp.sra.ebi.ac.uk/vol1/fastq/SRR137/079/SRR13728479/SRR13728479_2.fastq.gz	d8eae669d0add6cf70aebff8471f6b5f;5d52f6756444e0768e240ec1fd3d20c2	1535410920;1567279633				Homo sapiens	9606	RNA-Seq	TRANSCRIPTOMIC	PCR	PAIRED	SAMN17935322	PRJNA702268
Cell line	yes	no	no	no	unknown	unknown	SRR13728484	PRJNA702268	SRP306795	SAMN17935349	SRS8271790	SRX10116515	SRA1197016	9606	Homo sapiens	ILLUMINA	Illumina HiSeq 2500	MNNG pLUC P2X7RB Antag R3	RNA-Seq	TRANSCRIPTOMIC	PCR	PAIRED	24655806	7396741800	2022-02-02	2022-02-23	SUB9028145	The P2X7RB splice variant modulates osteosarcoma cell behaviour and associated primary bone cancer progression	Illumina HiSeq 2500 sequencing: RNA-seq of Homo sapiens osteosarcoma cell line	MNNG pLUC P2X7RB Antag R3	MNNG pLUC P2X7RB Antag R3		ftp.sra.ebi.ac.uk/vol1/fastq/SRR137/084/SRR13728484/SRR13728484_1.fastq.gz;ftp.sra.ebi.ac.uk/vol1/fastq/SRR137/084/SRR13728484/SRR13728484_2.fastq.gz	111fcd689ec1bdcde07aa4f0f1801adc;408d780842f43c7c7a8c6936264ac802	1651569086;1720069153				Homo sapiens	9606	RNA-Seq	TRANSCRIPTOMIC	PCR	PAIRED	SAMN17935349	PRJNA702268
Cell line	yes	no	no	no	unknown	unknown	SRR13728490	PRJNA702268	SRP306795	SAMN17935344	SRS8271783	SRX10116509	SRA1197016	9606	Homo sapiens	ILLUMINA	Illumina HiSeq 2500	MNNG pLUC Ago R3	RNA-Seq	TRANSCRIPTOMIC	PCR	PAIRED	23904298	7171289400	2022-02-02	2022-02-23	SUB9028145	The P2X7RB splice variant modulates osteosarcoma cell behaviour and associated primary bone cancer progression	Illumina HiSeq 2500 sequencing: RNA-seq of Homo sapiens osteosarcoma cell line	MNNG pLUC Ago R3	MNNG pLUC Ago R3		ftp.sra.ebi.ac.uk/vol1/fastq/SRR137/090/SRR13728490/SRR13728490_1.fastq.gz;ftp.sra.ebi.ac.uk/vol1/fastq/SRR137/090/SRR13728490/SRR13728490_2.fastq.gz	5f6a660abcdd5305cdbf517761fd4683;bff07c5c3b4b941306556c56eca6ab87	1594678503;1672866569				Homo sapiens	9606	RNA-Seq	TRANSCRIPTOMIC	PCR	PAIRED	SAMN17935344	PRJNA702268
Cell line	yes	no	no	no	unknown	unknown	SRR13728492	PRJNA702268	SRP306795	SAMN17935342	SRS8271782	SRX10116507	SRA1197016	9606	Homo sapiens	ILLUMINA	Illumina HiSeq 2500	MNNG Naive A&I R3	RNA-Seq	TRANSCRIPTOMIC	PCR	PAIRED	28142111	8442633300	2022-02-02	2022-02-27	SUB9028145	The P2X7RB splice variant modulates osteosarcoma cell behaviour and associated primary bone cancer progression	Illumina HiSeq 2500 sequencing: RNA-seq of Homo sapiens osteosarcoma cell line	MNNG Naive A&I R3	MNNG Naive A&I R3		ftp.sra.ebi.ac.uk/vol1/fastq/SRR137/092/SRR13728492/SRR13728492_1.fastq.gz;ftp.sra.ebi.ac.uk/vol1/fastq/SRR137/092/SRR13728492/SRR13728492_2.fastq.gz	fd4cbe862b09908f51670a7127bc3f49;b0c34e6d325c6f417d2395cd14160a07	1820045787;1865578277				Homo sapiens	9606	RNA-Seq	TRANSCRIPTOMIC	PCR	PAIRED	SAMN17935342	PRJNA702268
Cell line	yes	no	no	no	unknown	unknown	SRR13728493	PRJNA702268	SRP306795	SAMN17935341	SRS8271781	SRX10116506	SRA1197016	9606	Homo sapiens	ILLUMINA	Illumina HiSeq 2500	MNNG Naive Antagonist R3	RNA-Seq	TRANSCRIPTOMIC	PCR	PAIRED	24542247	7362674100	2022-02-02	2022-02-23	SUB9028145	The P2X7RB splice variant modulates osteosarcoma cell behaviour and associated primary bone cancer progression	Illumina HiSeq 2500 sequencing: RNA-seq of Homo sapiens osteosarcoma cell line	MNNG Naive Antagonist R3	MNNG Naive Antagonist R3		ftp.sra.ebi.ac.uk/vol1/fastq/SRR137/093/SRR13728493/SRR13728493_1.fastq.gz;ftp.sra.ebi.ac.uk/vol1/fastq/SRR137/093/SRR13728493/SRR13728493_2.fastq.gz	983eba5a0451230c08904328f32540a4;811e37c6df9b93a633c5203002b246c4	1629669795;1706793209				Homo sapiens	9606	RNA-Seq	TRANSCRIPTOMIC	PCR	PAIRED	SAMN17935341	PRJNA702268
Cell line	yes	no	no	no	unknown	unknown	SRR13728497	PRJNA702268	SRP306795	SAMN17935337	SRS8271776	SRX10116502	SRA1197016	9606	Homo sapiens	ILLUMINA	Illumina HiSeq 2500	MNNG pLUC P2X7RB Antag R2	RNA-Seq	TRANSCRIPTOMIC	PCR	PAIRED	24144760	7243428000	2022-02-02	2022-02-23	SUB9028145	The P2X7RB splice variant modulates osteosarcoma cell behaviour and associated primary bone cancer progression	Illumina HiSeq 2500 sequencing: RNA-seq of Homo sapiens osteosarcoma cell line	MNNG pLUC P2X7RB Antag R2	MNNG pLUC P2X7RB Antag R2		ftp.sra.ebi.ac.uk/vol1/fastq/SRR137/097/SRR13728497/SRR13728497_1.fastq.gz;ftp.sra.ebi.ac.uk/vol1/fastq/SRR137/097/SRR13728497/SRR13728497_2.fastq.gz	1a8b25125aded97cf41da73a30b5acc3;d93dfe813eb2ae19fa1355b17f41ced4	1625835321;1673057983				Homo sapiens	9606	RNA-Seq	TRANSCRIPTOMIC	PCR	PAIRED	SAMN17935337	PRJNA702268
Cell line	yes	no	no	no	unknown	unknown	SRR13728498	PRJNA702268	SRP306795	SAMN17935336	SRS8271777	SRX10116501	SRA1197016	9606	Homo sapiens	ILLUMINA	Illumina HiSeq 2500	MNNG pLUC P2X7RB Ago R2	RNA-Seq	TRANSCRIPTOMIC	PCR	PAIRED	23787006	7136101800	2022-02-02	2022-02-27	SUB9028145	The P2X7RB splice variant modulates osteosarcoma cell behaviour and associated primary bone cancer progression	Illumina HiSeq 2500 sequencing: RNA-seq of Homo sapiens osteosarcoma cell line	MNNG pLUC P2X7RB Ago R2	MNNG pLUC P2X7RB Ago R2		ftp.sra.ebi.ac.uk/vol1/fastq/SRR137/098/SRR13728498/SRR13728498_1.fastq.gz;ftp.sra.ebi.ac.uk/vol1/fastq/SRR137/098/SRR13728498/SRR13728498_2.fastq.gz	556d03a0c4f16050417fbe61876cddbf;5e0bee92178173bf317ee9674c9cbd59	1599210251;1657854650				Homo sapiens	9606	RNA-Seq	TRANSCRIPTOMIC	PCR	PAIRED	SAMN17935336	PRJNA702268
Cell line	yes	no	no	no	unknown	unknown	SRR13728500	PRJNA702268	SRP306795	SAMN17935317	SRS8271774	SRX10116499	SRA1197016	9606	Homo sapiens	ILLUMINA	Illumina HiSeq 2500	MNNG Naive Antagonist R1	RNA-Seq	TRANSCRIPTOMIC	PCR	PAIRED	24764957	7429487100	2022-02-02	2022-02-23	SUB9028145	The P2X7RB splice variant modulates osteosarcoma cell behaviour and associated primary bone cancer progression	Illumina HiSeq 2500 sequencing: RNA-seq of Homo sapiens osteosarcoma cell line	MNNG Naive Antagonist R1	MNNG Naive Antagonist R1		ftp.sra.ebi.ac.uk/vol1/fastq/SRR137/000/SRR13728500/SRR13728500_1.fastq.gz;ftp.sra.ebi.ac.uk/vol1/fastq/SRR137/000/SRR13728500/SRR13728500_2.fastq.gz	1c3b720f2267cd3cafd5d19fa5e66fae;b23d89631a6e06c5cafd9d0f79ddbba3	1687608091;1761965190				Homo sapiens	9606	RNA-Seq	TRANSCRIPTOMIC	PCR	PAIRED	SAMN17935317	PRJNA702268
Cell line	yes	no	no	no	unknown	unknown	SRR13728503	PRJNA702268	SRP306795	SAMN17935332	SRS8271771	SRX10116496	SRA1197016	9606	Homo sapiens	ILLUMINA	Illumina HiSeq 2500	MNNG pLUC Ago R2	RNA-Seq	TRANSCRIPTOMIC	PCR	PAIRED	25647134	7694140200	2022-02-02	2022-02-23	SUB9028145	The P2X7RB splice variant modulates osteosarcoma cell behaviour and associated primary bone cancer progression	Illumina HiSeq 2500 sequencing: RNA-seq of Homo sapiens osteosarcoma cell line	MNNG pLUC Ago R2	MNNG pLUC Ago R2		ftp.sra.ebi.ac.uk/vol1/fastq/SRR137/003/SRR13728503/SRR13728503_1.fastq.gz;ftp.sra.ebi.ac.uk/vol1/fastq/SRR137/003/SRR13728503/SRR13728503_2.fastq.gz	11d24994e90ad3390441ed6820fd288b;d43a592584f7e5d109c496bc6a2d636c	1716851521;1765035543				Homo sapiens	9606	RNA-Seq	TRANSCRIPTOMIC	PCR	PAIRED	SAMN17935332	PRJNA702268
Cell line	yes	no	no	no	unknown	unknown	SRR13728478	PRJNA702268	SRP306795	SAMN17935323	SRS8271796	SRX10116521	SRA1197016	9606	Homo sapiens	ILLUMINA	Illumina HiSeq 2500	MNNG pLUC P2X7RB WT R1	RNA-Seq	TRANSCRIPTOMIC	PCR	PAIRED	20721947	6216584100	2022-02-02	2022-02-23	SUB9028145	The P2X7RB splice variant modulates osteosarcoma cell behaviour and associated primary bone cancer progression	Illumina HiSeq 2500 sequencing: RNA-seq of Homo sapiens osteosarcoma cell line	MNNG pLUC P2X7RB WT R1	MNNG pLUC P2X7RB WT R1		ftp.sra.ebi.ac.uk/vol1/fastq/SRR137/078/SRR13728478/SRR13728478_1.fastq.gz;ftp.sra.ebi.ac.uk/vol1/fastq/SRR137/078/SRR13728478/SRR13728478_2.fastq.gz	078dee236bd86253b4f8f017f24f9dc8;8cc934639bba4f3c79998a5eb76bb94b	1405090417;1439954320				Homo sapiens	9606	RNA-Seq	TRANSCRIPTOMIC	PCR	PAIRED	SAMN17935323	PRJNA702268
Cell line	yes	no	no	no	unknown	unknown	SRR13728481	PRJNA702268	SRP306795	SAMN17935320	SRS8271793	SRX10116518	SRA1197016	9606	Homo sapiens	ILLUMINA	Illumina HiSeq 2500	MNNG pLUC Ago R1	RNA-Seq	TRANSCRIPTOMIC	PCR	PAIRED	27851698	8355509400	2022-02-02	2022-02-23	SUB9028145	The P2X7RB splice variant modulates osteosarcoma cell behaviour and associated primary bone cancer progression	Illumina HiSeq 2500 sequencing: RNA-seq of Homo sapiens osteosarcoma cell line	MNNG pLUC Ago R1	MNNG pLUC Ago R1		ftp.sra.ebi.ac.uk/vol1/fastq/SRR137/081/SRR13728481/SRR13728481_1.fastq.gz;ftp.sra.ebi.ac.uk/vol1/fastq/SRR137/081/SRR13728481/SRR13728481_2.fastq.gz	6f0aa85a0b453633d3f6f1ce8da58b10;81d7b3e8f35c00a4f162d5e673388953	1800685632;1853616277				Homo sapiens	9606	RNA-Seq	TRANSCRIPTOMIC	PCR	PAIRED	SAMN17935320	PRJNA702268
Cell line	yes	no	no	no	unknown	unknown	SRR13728482	PRJNA702268	SRP306795	SAMN17935319	SRS8271792	SRX10116517	SRA1197016	9606	Homo sapiens	ILLUMINA	Illumina HiSeq 2500	MNNG pLUC WT R1	RNA-Seq	TRANSCRIPTOMIC	PCR	PAIRED	27520580	8256174000	2022-02-02	2022-02-23	SUB9028145	The P2X7RB splice variant modulates osteosarcoma cell behaviour and associated primary bone cancer progression	Illumina HiSeq 2500 sequencing: RNA-seq of Homo sapiens osteosarcoma cell line	MNNG pLUC WT R1	MNNG pLUC WT R1		ftp.sra.ebi.ac.uk/vol1/fastq/SRR137/082/SRR13728482/SRR13728482_1.fastq.gz;ftp.sra.ebi.ac.uk/vol1/fastq/SRR137/082/SRR13728482/SRR13728482_2.fastq.gz	3750570d337cb265f39cd304ea9f9846;2679852bb169725864efd06b6435bd9d	1872906327;1977486867				Homo sapiens	9606	RNA-Seq	TRANSCRIPTOMIC	PCR	PAIRED	SAMN17935319	PRJNA702268
Cell line	yes	no	no	no	unknown	unknown	SRR13728485	PRJNA702268	SRP306795	SAMN17935348	SRS8271789	SRX10116514	SRA1197016	9606	Homo sapiens	ILLUMINA	Illumina HiSeq 2500	MNNG pLUC P2X7RB Ago R3	RNA-Seq	TRANSCRIPTOMIC	PCR	PAIRED	34714736	10414420800	2022-02-02	2022-02-23	SUB9028145	The P2X7RB splice variant modulates osteosarcoma cell behaviour and associated primary bone cancer progression	Illumina HiSeq 2500 sequencing: RNA-seq of Homo sapiens osteosarcoma cell line	MNNG pLUC P2X7RB Ago R3	MNNG pLUC P2X7RB Ago R3		ftp.sra.ebi.ac.uk/vol1/fastq/SRR137/085/SRR13728485/SRR13728485_1.fastq.gz;ftp.sra.ebi.ac.uk/vol1/fastq/SRR137/085/SRR13728485/SRR13728485_2.fastq.gz	7da097fe857870a0413121d08a0e0364;8d3796a971f2f9fe3812fc9e0ad66eb3	2330081244;2439943075				Homo sapiens	9606	RNA-Seq	TRANSCRIPTOMIC	PCR	PAIRED	SAMN17935348	PRJNA702268
Cell line	yes	no	no	no	unknown	unknown	SRR13728488	PRJNA702268	SRP306795	SAMN17935345	SRS8271786	SRX10116511	SRA1197016	9606	Homo sapiens	ILLUMINA	Illumina HiSeq 2500	MNNG pLUC Antag R3	RNA-Seq	TRANSCRIPTOMIC	PCR	PAIRED	24850990	7455297000	2022-02-02	2022-02-23	SUB9028145	The P2X7RB splice variant modulates osteosarcoma cell behaviour and associated primary bone cancer progression	Illumina HiSeq 2500 sequencing: RNA-seq of Homo sapiens osteosarcoma cell line	MNNG pLUC Antag R3	MNNG pLUC Antag R3		ftp.sra.ebi.ac.uk/vol1/fastq/SRR137/088/SRR13728488/SRR13728488_1.fastq.gz;ftp.sra.ebi.ac.uk/vol1/fastq/SRR137/088/SRR13728488/SRR13728488_2.fastq.gz	1254bd628e11dccb19e17fec77f8ba09;130ec614e216ab051b6d07406d92a0aa	1664372826;1722045781				Homo sapiens	9606	RNA-Seq	TRANSCRIPTOMIC	PCR	PAIRED	SAMN17935345	PRJNA702268
Cell line	yes	no	no	no	unknown	unknown	SRR13728489	PRJNA702268	SRP306795	SAMN17935318	SRS8271785	SRX10116510	SRA1197016	9606	Homo sapiens	ILLUMINA	Illumina HiSeq 2500	MNNG Naive A&I R1	RNA-Seq	TRANSCRIPTOMIC	PCR	PAIRED	27691292	8307387600	2022-02-02	2022-02-27	SUB9028145	The P2X7RB splice variant modulates osteosarcoma cell behaviour and associated primary bone cancer progression	Illumina HiSeq 2500 sequencing: RNA-seq of Homo sapiens osteosarcoma cell line	MNNG Naive A&I R1	MNNG Naive A&I R1		ftp.sra.ebi.ac.uk/vol1/fastq/SRR137/089/SRR13728489/SRR13728489_1.fastq.gz;ftp.sra.ebi.ac.uk/vol1/fastq/SRR137/089/SRR13728489/SRR13728489_2.fastq.gz	13d9fdda806ded9f555d729d8b550a82;b7d4a2aaa5f38b52bda4321e029687da	1879506257;1949024071				Homo sapiens	9606	RNA-Seq	TRANSCRIPTOMIC	PCR	PAIRED	SAMN17935318	PRJNA702268
Cell line	yes	no	no	no	unknown	unknown	SRR13728491	PRJNA702268	SRP306795	SAMN17935343	SRS8271784	SRX10116508	SRA1197016	9606	Homo sapiens	ILLUMINA	Illumina HiSeq 2500	MNNG pLUC WT R3	RNA-Seq	TRANSCRIPTOMIC	PCR	PAIRED	24101088	7230326400	2022-02-02	2022-02-23	SUB9028145	The P2X7RB splice variant modulates osteosarcoma cell behaviour and associated primary bone cancer progression	Illumina HiSeq 2500 sequencing: RNA-seq of Homo sapiens osteosarcoma cell line	MNNG pLUC WT R3	MNNG pLUC WT R3		ftp.sra.ebi.ac.uk/vol1/fastq/SRR137/091/SRR13728491/SRR13728491_1.fastq.gz;ftp.sra.ebi.ac.uk/vol1/fastq/SRR137/091/SRR13728491/SRR13728491_2.fastq.gz	facbcdbbc8a9bc26fdf9dfc8121a0c5f;d95202daaf624950b5d4182f1e618d20	1575876581;1615519355				Homo sapiens	9606	RNA-Seq	TRANSCRIPTOMIC	PCR	PAIRED	SAMN17935343	PRJNA702268
Cell line	yes	no	no	no	unknown	unknown	SRR13728494	PRJNA702268	SRP306795	SAMN17935340	SRS8271780	SRX10116505	SRA1197016	9606	Homo sapiens	ILLUMINA	Illumina HiSeq 2500	MNNG Naive Agonist R3	RNA-Seq	TRANSCRIPTOMIC	PCR	PAIRED	20877621	6263286300	2022-02-02	2022-02-23	SUB9028145	The P2X7RB splice variant modulates osteosarcoma cell behaviour and associated primary bone cancer progression	Illumina HiSeq 2500 sequencing: RNA-seq of Homo sapiens osteosarcoma cell line	MNNG Naive Agonist R3	MNNG Naive Agonist R3		ftp.sra.ebi.ac.uk/vol1/fastq/SRR137/094/SRR13728494/SRR13728494_1.fastq.gz;ftp.sra.ebi.ac.uk/vol1/fastq/SRR137/094/SRR13728494/SRR13728494_2.fastq.gz	8a939d269e1ce66503c410c7384f2d61;c36a162ed3311a5569c66965fbdbb230	1411282135;1452106586				Homo sapiens	9606	RNA-Seq	TRANSCRIPTOMIC	PCR	PAIRED	SAMN17935340	PRJNA702268
Cell line	yes	no	no	no	unknown	unknown	SRR13728495	PRJNA702268	SRP306795	SAMN17935339	SRS8271779	SRX10116504	SRA1197016	9606	Homo sapiens	ILLUMINA	Illumina HiSeq 2500	MNNG Naive Wild Type R3	RNA-Seq	TRANSCRIPTOMIC	PCR	PAIRED	41236932	12371079600	2022-02-02	2022-02-28	SUB9028145	The P2X7RB splice variant modulates osteosarcoma cell behaviour and associated primary bone cancer progression	Illumina HiSeq 2500 sequencing: RNA-seq of Homo sapiens osteosarcoma cell line	MNNG Naive Wild Type R3	MNNG Naive Wild Type R3		ftp.sra.ebi.ac.uk/vol1/fastq/SRR137/095/SRR13728495/SRR13728495_1.fastq.gz;ftp.sra.ebi.ac.uk/vol1/fastq/SRR137/095/SRR13728495/SRR13728495_2.fastq.gz	2a51bd6c7c9ce9ac59ae2ba184d7dbb3;186ab2adef8c3b180237a5c2d301f52d	2755917782;2843128944				Homo sapiens	9606	RNA-Seq	TRANSCRIPTOMIC	PCR	PAIRED	SAMN17935339	PRJNA702268
Cell line	yes	no	no	no	unknown	unknown	SRR13728496	PRJNA702268	SRP306795	SAMN17935338	SRS8271778	SRX10116503	SRA1197016	9606	Homo sapiens	ILLUMINA	Illumina HiSeq 2500	MNNG pLUC P2X7RB A&A R2	RNA-Seq	TRANSCRIPTOMIC	PCR	PAIRED	22811180	6843354000	2022-02-02	2022-02-23	SUB9028145	The P2X7RB splice variant modulates osteosarcoma cell behaviour and associated primary bone cancer progression	Illumina HiSeq 2500 sequencing: RNA-seq of Homo sapiens osteosarcoma cell line	MNNG pLUC P2X7RB A&A R2	MNNG pLUC P2X7RB A&A R2		ftp.sra.ebi.ac.uk/vol1/fastq/SRR137/096/SRR13728496/SRR13728496_1.fastq.gz;ftp.sra.ebi.ac.uk/vol1/fastq/SRR137/096/SRR13728496/SRR13728496_2.fastq.gz	1a7a93459e1dab34bfe4887b00d7cc46;2802c7a651a76d02c6647b8ed48fdf16	1529243107;1560948824				Homo sapiens	9606	RNA-Seq	TRANSCRIPTOMIC	PCR	PAIRED	SAMN17935338	PRJNA702268
Cell line	yes	no	no	no	unknown	unknown	SRR13728499	PRJNA702268	SRP306795	SAMN17935335	SRS8271775	SRX10116500	SRA1197016	9606	Homo sapiens	ILLUMINA	Illumina HiSeq 2500	MNNG pLUC P2X7RB WT R2	RNA-Seq	TRANSCRIPTOMIC	PCR	PAIRED	25173616	7552084800	2022-02-02	2022-02-23	SUB9028145	The P2X7RB splice variant modulates osteosarcoma cell behaviour and associated primary bone cancer progression	Illumina HiSeq 2500 sequencing: RNA-seq of Homo sapiens osteosarcoma cell line	MNNG pLUC P2X7RB WT R2	MNNG pLUC P2X7RB WT R2		ftp.sra.ebi.ac.uk/vol1/fastq/SRR137/099/SRR13728499/SRR13728499_1.fastq.gz;ftp.sra.ebi.ac.uk/vol1/fastq/SRR137/099/SRR13728499/SRR13728499_2.fastq.gz	ce802c1efa9f8b06de8255984d50c053;9e6fa40589f01ae90313a9ac271127ac	1705140655;1772709625				Homo sapiens	9606	RNA-Seq	TRANSCRIPTOMIC	PCR	PAIRED	SAMN17935335	PRJNA702268
Cell line	yes	no	no	no	unknown	unknown	SRR13728502	PRJNA702268	SRP306795	SAMN17935333	SRS8271772	SRX10116497	SRA1197016	9606	Homo sapiens	ILLUMINA	Illumina HiSeq 2500	MNNG pLUC Antag R2	RNA-Seq	TRANSCRIPTOMIC	PCR	PAIRED	23679990	7103997000	2022-02-02	2022-02-23	SUB9028145	The P2X7RB splice variant modulates osteosarcoma cell behaviour and associated primary bone cancer progression	Illumina HiSeq 2500 sequencing: RNA-seq of Homo sapiens osteosarcoma cell line	MNNG pLUC Antag R2	MNNG pLUC Antag R2		ftp.sra.ebi.ac.uk/vol1/fastq/SRR137/002/SRR13728502/SRR13728502_1.fastq.gz;ftp.sra.ebi.ac.uk/vol1/fastq/SRR137/002/SRR13728502/SRR13728502_2.fastq.gz	4d793e3ea9219c3ea14a4a28a8d7e374;b84942389d1988f056093f1c85f0060c	1585659781;1601033390				Homo sapiens	9606	RNA-Seq	TRANSCRIPTOMIC	PCR	PAIRED	SAMN17935333	PRJNA702268
Cell line	yes	no	no	no	unknown	unknown	SRR13728504	PRJNA702268	SRP306795	SAMN17935331	SRS8271770	SRX10116495	SRA1197016	9606	Homo sapiens	ILLUMINA	Illumina HiSeq 2500	MNNG pLUC WT R2	RNA-Seq	TRANSCRIPTOMIC	PCR	PAIRED	24410500	7323150000	2022-02-02	2022-02-27	SUB9028145	The P2X7RB splice variant modulates osteosarcoma cell behaviour and associated primary bone cancer progression	Illumina HiSeq 2500 sequencing: RNA-seq of Homo sapiens osteosarcoma cell line	MNNG pLUC WT R2	MNNG pLUC WT R2		ftp.sra.ebi.ac.uk/vol1/fastq/SRR137/004/SRR13728504/SRR13728504_1.fastq.gz;ftp.sra.ebi.ac.uk/vol1/fastq/SRR137/004/SRR13728504/SRR13728504_2.fastq.gz	3bf1ae252c079a6832694bf0f914cd80;82e8aa92d71b1d285f6dee80f133aab2	1640245356;1691670529				Homo sapiens	9606	RNA-Seq	TRANSCRIPTOMIC	PCR	PAIRED	SAMN17935331	PRJNA702268
Cell line	yes	no	no	no	unknown	unknown	SRR13728506	PRJNA702268	SRP306795	SAMN17935329	SRS8271768	SRX10116493	SRA1197016	9606	Homo sapiens	ILLUMINA	Illumina HiSeq 2500	MNNG Naive Antagonist R2	RNA-Seq	TRANSCRIPTOMIC	PCR	PAIRED	28248697	8474609100	2022-02-02	2022-02-24	SUB9028145	The P2X7RB splice variant modulates osteosarcoma cell behaviour and associated primary bone cancer progression	Illumina HiSeq 2500 sequencing: RNA-seq of Homo sapiens osteosarcoma cell line	MNNG Naive Antagonist R2	MNNG Naive Antagonist R2		ftp.sra.ebi.ac.uk/vol1/fastq/SRR137/006/SRR13728506/SRR13728506_1.fastq.gz;ftp.sra.ebi.ac.uk/vol1/fastq/SRR137/006/SRR13728506/SRR13728506_2.fastq.gz	f5ca32f1b91ff5cfb9deaa27cc6b39f4;3936e3daccc1df3326edd03bb19c157d	1900898057;1952903166				Homo sapiens	9606	RNA-Seq	TRANSCRIPTOMIC	PCR	PAIRED	SAMN17935329	PRJNA702268
Cell line	yes	no	no	no	unknown	unknown	SRR13728509	PRJNA702268	SRP306795	SAMN17935326	SRS8271763	SRX10116490	SRA1197016	9606	Homo sapiens	ILLUMINA	Illumina HiSeq 2500	MNNG pLUC P2X7RB A&A R1	RNA-Seq	TRANSCRIPTOMIC	PCR	PAIRED	22365882	6709764600	2022-02-02	2022-02-23	SUB9028145	The P2X7RB splice variant modulates osteosarcoma cell behaviour and associated primary bone cancer progression	Illumina HiSeq 2500 sequencing: RNA-seq of Homo sapiens osteosarcoma cell line	MNNG pLUC P2X7RB A&A R1	MNNG pLUC P2X7RB A&A R1		ftp.sra.ebi.ac.uk/vol1/fastq/SRR137/009/SRR13728509/SRR13728509_1.fastq.gz;ftp.sra.ebi.ac.uk/vol1/fastq/SRR137/009/SRR13728509/SRR13728509_2.fastq.gz	314f30a3c95e50eb26ceae9488a1470b;26808eff6167a46aba5c76b3ee3113e3	1504415947;1527807707				Homo sapiens	9606	RNA-Seq	TRANSCRIPTOMIC	PCR	PAIRED	SAMN17935326	PRJNA702268
