Run	Experiment	Sample	BioSample	SampleName	LibraryStrategy	LibrarySelection	LibrarySource	LibraryLayout	Platform	Model	SRAStudy	BioProject	TaxID	ScientificName	spots	bases	avgLength	size_MB	download_path	ReleaseDate
SRR5553765	SRX2819223	SRS2197377	SAMN06971711	GSM2626909	RNA-Seq	cDNA	TRANSCRIPTOMIC	SINGLE	ILLUMINA	Illumina HiSeq 2500	SRP107025	PRJNA386518	9606	Homo sapiens	55921639	5648085539	101	3805	https://sra-downloadb.be-md.ncbi.nlm.nih.gov/sos5/sra-pub-zq-14/SRR005/553/SRR5553765.sralite.1	2018-02-26 08:47:23
SRR5553766	SRX2819224	SRS2197378	SAMN06971710	GSM2626910	RNA-Seq	cDNA	TRANSCRIPTOMIC	SINGLE	ILLUMINA	Illumina HiSeq 2500	SRP107025	PRJNA386518	9606	Homo sapiens	34931005	3528031505	101	2327	https://sra-downloadb.be-md.ncbi.nlm.nih.gov/sos5/sra-pub-zq-14/SRR005/553/SRR5553766.sralite.1	2018-02-26 08:47:23
SRR5553767	SRX2819225	SRS2197379	SAMN06971709	GSM2626911	RNA-Seq	cDNA	TRANSCRIPTOMIC	SINGLE	ILLUMINA	Illumina HiSeq 2500	SRP107025	PRJNA386518	9606	Homo sapiens	29884569	3018341469	101	2024	https://sra-downloadb.be-md.ncbi.nlm.nih.gov/sos5/sra-pub-zq-14/SRR005/553/SRR5553767.sralite.1	2018-02-26 08:47:23
SRR5553768	SRX2819226	SRS2197380	SAMN06971708	GSM2626912	RNA-Seq	cDNA	TRANSCRIPTOMIC	SINGLE	ILLUMINA	Illumina HiSeq 2500	SRP107025	PRJNA386518	9606	Homo sapiens	22483613	2270844913	101	1518	https://sra-downloadb.be-md.ncbi.nlm.nih.gov/sos5/sra-pub-zq-14/SRR005/553/SRR5553768.sralite.1	2018-02-26 08:47:23
SRR5553769	SRX2819227	SRS2197381	SAMN06971707	GSM2626913	RNA-Seq	cDNA	TRANSCRIPTOMIC	SINGLE	ILLUMINA	Illumina HiSeq 2500	SRP107025	PRJNA386518	9606	Homo sapiens	33254643	3358718943	101	2233	https://sra-downloadb.be-md.ncbi.nlm.nih.gov/sos5/sra-pub-zq-14/SRR005/553/SRR5553769.sralite.1	2018-02-26 08:47:23
SRR5553770	SRX2819228	SRS2197382	SAMN06971706	GSM2626914	RNA-Seq	cDNA	TRANSCRIPTOMIC	SINGLE	ILLUMINA	Illumina HiSeq 2500	SRP107025	PRJNA386518	9606	Homo sapiens	39262328	3926232800	100	2583	https://sra-downloadb.be-md.ncbi.nlm.nih.gov/sos5/sra-pub-zq-14/SRR005/553/SRR5553770.sralite.1	2018-02-26 08:47:23
SRR5553771	SRX2819229	SRS2197383	SAMN06971705	GSM2626915	RNA-Seq	cDNA	TRANSCRIPTOMIC	SINGLE	ILLUMINA	Illumina HiSeq 2500	SRP107025	PRJNA386518	9606	Homo sapiens	7799877	787787577	101	520	https://sra-downloadb.be-md.ncbi.nlm.nih.gov/sos5/sra-pub-zq-14/SRR005/553/SRR5553771.sralite.1	2018-02-26 08:47:23
SRR5553772	SRX2819230	SRS2197384	SAMN06971704	GSM2626916	RNA-Seq	cDNA	TRANSCRIPTOMIC	SINGLE	ILLUMINA	Illumina HiSeq 2500	SRP107025	PRJNA386518	9606	Homo sapiens	33623299	3395953199	101	2315	https://sra-downloadb.be-md.ncbi.nlm.nih.gov/sos5/sra-pub-zq-14/SRR005/553/SRR5553772.sralite.1	2018-02-26 08:47:23
SRR5553773	SRX2819231	SRS2197385	SAMN06971703	GSM2626917	RNA-Seq	cDNA	TRANSCRIPTOMIC	SINGLE	ILLUMINA	Illumina HiSeq 2500	SRP107025	PRJNA386518	9606	Homo sapiens	12796538	1292450338	101	838	https://sra-downloadb.be-md.ncbi.nlm.nih.gov/sos5/sra-pub-zq-14/SRR005/553/SRR5553773.sralite.1	2018-02-26 08:47:23
SRR5553774	SRX2819232	SRS2197386	SAMN06971702	GSM2626918	RNA-Seq	cDNA	TRANSCRIPTOMIC	SINGLE	ILLUMINA	Illumina HiSeq 2500	SRP107025	PRJNA386518	9606	Homo sapiens	32171829	3249354729	101	2216	https://sra-downloadb.be-md.ncbi.nlm.nih.gov/sos5/sra-pub-zq-14/SRR005/553/SRR5553774.sralite.1	2018-02-26 08:47:23
SRR5553775	SRX2819233	SRS2197387	SAMN06971701	GSM2626919	RNA-Seq	cDNA	TRANSCRIPTOMIC	SINGLE	ILLUMINA	Illumina HiSeq 2500	SRP107025	PRJNA386518	9606	Homo sapiens	36372014	3637201400	100	2404	https://sra-downloadb.be-md.ncbi.nlm.nih.gov/sos5/sra-pub-zq-14/SRR005/553/SRR5553775.sralite.1	2018-02-26 08:47:23
SRR5553776	SRX2819234	SRS2197388	SAMN06971700	GSM2626920	RNA-Seq	cDNA	TRANSCRIPTOMIC	SINGLE	ILLUMINA	Illumina HiSeq 2500	SRP107025	PRJNA386518	9606	Homo sapiens	42809839	4323793739	101	2944	https://sra-downloadb.be-md.ncbi.nlm.nih.gov/sos5/sra-pub-zq-14/SRR005/553/SRR5553776.sralite.1	2018-02-26 08:47:23
SRR5553777	SRX2819235	SRS2197389	SAMN06971699	GSM2626921	RNA-Seq	cDNA	TRANSCRIPTOMIC	SINGLE	ILLUMINA	Illumina HiSeq 2500	SRP107025	PRJNA386518	9606	Homo sapiens	34624622	3497086822	101	2408	https://sra-downloadb.be-md.ncbi.nlm.nih.gov/sos5/sra-pub-zq-14/SRR005/553/SRR5553777.sralite.1	2018-02-26 08:47:23
SRR5553778	SRX2819236	SRS2197390	SAMN06971698	GSM2626922	RNA-Seq	cDNA	TRANSCRIPTOMIC	SINGLE	ILLUMINA	Illumina HiSeq 2500	SRP107025	PRJNA386518	9606	Homo sapiens	33858872	3419746072	101	2289	https://sra-downloadb.be-md.ncbi.nlm.nih.gov/sos5/sra-pub-zq-14/SRR005/553/SRR5553778.sralite.1	2018-02-26 08:47:23
SRR5553779	SRX2819237	SRS2197391	SAMN06971697	GSM2626923	RNA-Seq	cDNA	TRANSCRIPTOMIC	SINGLE	ILLUMINA	Illumina HiSeq 2500	SRP107025	PRJNA386518	9606	Homo sapiens	32231158	3255346958	101	2132	https://sra-downloadb.be-md.ncbi.nlm.nih.gov/sos5/sra-pub-zq-14/SRR005/553/SRR5553779.sralite.1	2018-02-26 08:47:23
SRR5553780	SRX2819238	SRS2197392	SAMN06971696	GSM2626924	RNA-Seq	cDNA	TRANSCRIPTOMIC	SINGLE	ILLUMINA	Illumina HiSeq 2500	SRP107025	PRJNA386518	9606	Homo sapiens	25198707	2545069407	101	1669	https://sra-downloadb.be-md.ncbi.nlm.nih.gov/sos5/sra-pub-zq-14/SRR005/553/SRR5553780.sralite.1	2018-02-26 08:47:23
SRR5553782	SRX2819240	SRS2197393	SAMN06971694	GSM2626926	RNA-Seq	cDNA	TRANSCRIPTOMIC	SINGLE	ILLUMINA	Illumina HiSeq 2500	SRP107025	PRJNA386518	9606	Homo sapiens	38985146	3937499746	101	2625	https://sra-downloadb.be-md.ncbi.nlm.nih.gov/sos5/sra-pub-zq-14/SRR005/553/SRR5553782.sralite.1	2018-02-26 08:47:23
SRR5553781	SRX2819239	SRS2197394	SAMN06971695	GSM2626925	RNA-Seq	cDNA	TRANSCRIPTOMIC	SINGLE	ILLUMINA	Illumina HiSeq 2500	SRP107025	PRJNA386518	9606	Homo sapiens	34727351	3507462451	101	2306	https://sra-downloadb.be-md.ncbi.nlm.nih.gov/sos5/sra-pub-zq-14/SRR005/553/SRR5553781.sralite.1	2018-02-26 08:47:23
SRR5553784	SRX2819242	SRS2197395	SAMN06971692	GSM2626928	RNA-Seq	cDNA	TRANSCRIPTOMIC	SINGLE	ILLUMINA	Illumina HiSeq 2500	SRP107025	PRJNA386518	9606	Homo sapiens	35807386	3616545986	101	2366	https://sra-downloadb.be-md.ncbi.nlm.nih.gov/sos5/sra-pub-zq-14/SRR005/553/SRR5553784.sralite.1	2018-02-26 08:47:23
SRR5553783	SRX2819241	SRS2197396	SAMN06971693	GSM2626927	RNA-Seq	cDNA	TRANSCRIPTOMIC	SINGLE	ILLUMINA	Illumina HiSeq 2500	SRP107025	PRJNA386518	9606	Homo sapiens	37744754	3812220154	101	2536	https://sra-downloadb.be-md.ncbi.nlm.nih.gov/sos5/sra-pub-zq-14/SRR005/553/SRR5553783.sralite.1	2018-02-26 08:47:23
SRR5553785	SRX2819243	SRS2197397	SAMN06971691	GSM2626929	RNA-Seq	cDNA	TRANSCRIPTOMIC	SINGLE	ILLUMINA	Illumina HiSeq 2500	SRP107025	PRJNA386518	9606	Homo sapiens	33183816	3351565416	101	2222	https://sra-downloadb.be-md.ncbi.nlm.nih.gov/sos5/sra-pub-zq-14/SRR005/553/SRR5553785.sralite.1	2018-02-26 08:47:23
SRR5553787	SRX2819245	SRS2197398	SAMN06971689	GSM2626931	RNA-Seq	cDNA	TRANSCRIPTOMIC	SINGLE	ILLUMINA	Illumina HiSeq 2500	SRP107025	PRJNA386518	9606	Homo sapiens	32839103	3316749403	101	2199	https://sra-downloadb.be-md.ncbi.nlm.nih.gov/sos5/sra-pub-zq-14/SRR005/553/SRR5553787.sralite.1	2018-02-26 08:47:23
SRR5553786	SRX2819244	SRS2197399	SAMN06971690	GSM2626930	RNA-Seq	cDNA	TRANSCRIPTOMIC	SINGLE	ILLUMINA	Illumina HiSeq 2500	SRP107025	PRJNA386518	9606	Homo sapiens	39805234	4020328634	101	2659	https://sra-downloadb.be-md.ncbi.nlm.nih.gov/sos5/sra-pub-zq-14/SRR005/553/SRR5553786.sralite.1	2018-02-26 08:47:23
SRR5553789	SRX2819247	SRS2197400	SAMN06971687	GSM2626933	RNA-Seq	cDNA	TRANSCRIPTOMIC	SINGLE	ILLUMINA	Illumina HiSeq 2500	SRP107025	PRJNA386518	9606	Homo sapiens	31884982	3188498200	100	2144	https://sra-downloadb.be-md.ncbi.nlm.nih.gov/sos5/sra-pub-zq-14/SRR005/553/SRR5553789.sralite.1	2018-02-26 08:47:23
SRR5553790	SRX2819248	SRS2197401	SAMN06971686	GSM2626934	RNA-Seq	cDNA	TRANSCRIPTOMIC	SINGLE	ILLUMINA	Illumina HiSeq 2500	SRP107025	PRJNA386518	9606	Homo sapiens	24310101	2455320201	101	1612	https://sra-downloadb.be-md.ncbi.nlm.nih.gov/sos5/sra-pub-zq-14/SRR005/553/SRR5553790.sralite.1	2018-02-26 08:47:23
SRR5553788	SRX2819246	SRS2197402	SAMN06971688	GSM2626932	RNA-Seq	cDNA	TRANSCRIPTOMIC	SINGLE	ILLUMINA	Illumina HiSeq 2500	SRP107025	PRJNA386518	9606	Homo sapiens	28315303	2859845603	101	1829	https://sra-downloadb.be-md.ncbi.nlm.nih.gov/sos5/sra-pub-zq-14/SRR005/553/SRR5553788.sralite.1	2018-02-26 08:47:23
SRR5553791	SRX2819249	SRS2197403	SAMN06971685	GSM2626935	RNA-Seq	cDNA	TRANSCRIPTOMIC	SINGLE	ILLUMINA	Illumina HiSeq 2500	SRP107025	PRJNA386518	9606	Homo sapiens	33879062	3387906200	100	2289	https://sra-downloadb.be-md.ncbi.nlm.nih.gov/sos5/sra-pub-zq-14/SRR005/553/SRR5553791.sralite.1	2018-02-26 08:47:23
SRR5553792	SRX2819250	SRS2197404	SAMN06971684	GSM2626936	RNA-Seq	cDNA	TRANSCRIPTOMIC	SINGLE	ILLUMINA	Illumina HiSeq 2500	SRP107025	PRJNA386518	9606	Homo sapiens	15718330	1587551330	101	1047	https://sra-downloadb.be-md.ncbi.nlm.nih.gov/sos5/sra-pub-zq-14/SRR005/553/SRR5553792.sralite.1	2018-02-26 08:47:23
SRR5553793	SRX2819251	SRS2197405	SAMN06971683	GSM2626937	RNA-Seq	cDNA	TRANSCRIPTOMIC	SINGLE	ILLUMINA	Illumina HiSeq 2500	SRP107025	PRJNA386518	9606	Homo sapiens	35554920	3591046920	101	2393	https://sra-downloadb.be-md.ncbi.nlm.nih.gov/sos5/sra-pub-zq-14/SRR005/553/SRR5553793.sralite.1	2018-02-26 08:47:23
SRR5553794	SRX2819252	SRS2197406	SAMN06971682	GSM2626938	RNA-Seq	cDNA	TRANSCRIPTOMIC	SINGLE	ILLUMINA	Illumina HiSeq 2500	SRP107025	PRJNA386518	9606	Homo sapiens	37630696	3800700296	101	2529	https://sra-downloadb.be-md.ncbi.nlm.nih.gov/sos5/sra-pub-zq-14/SRR005/553/SRR5553794.sralite.1	2018-02-26 08:47:23
SRR5553795	SRX2819253	SRS2197407	SAMN06971741	GSM2626939	RNA-Seq	cDNA	TRANSCRIPTOMIC	SINGLE	ILLUMINA	Illumina HiSeq 2500	SRP107025	PRJNA386518	9606	Homo sapiens	29873934	3017267334	101	1993	https://sra-downloadb.be-md.ncbi.nlm.nih.gov/sos5/sra-pub-zq-14/SRR005/553/SRR5553795.sralite.1	2018-02-26 08:47:23
SRR5553796	SRX2819254	SRS2197408	SAMN06971740	GSM2626940	RNA-Seq	cDNA	TRANSCRIPTOMIC	SINGLE	ILLUMINA	Illumina HiSeq 2500	SRP107025	PRJNA386518	9606	Homo sapiens	38691662	3907857862	101	2571	https://sra-downloadb.be-md.ncbi.nlm.nih.gov/sos5/sra-pub-zq-14/SRR005/553/SRR5553796.sralite.1	2018-02-26 08:47:23
SRR5553797	SRX2819255	SRS2197409	SAMN06971739	GSM2626941	RNA-Seq	cDNA	TRANSCRIPTOMIC	SINGLE	ILLUMINA	Illumina HiSeq 2500	SRP107025	PRJNA386518	9606	Homo sapiens	31088136	3139901736	101	2101	https://sra-downloadb.be-md.ncbi.nlm.nih.gov/sos5/sra-pub-zq-14/SRR005/553/SRR5553797.sralite.1	2018-02-26 08:47:23
SRR5553798	SRX2819256	SRS2197410	SAMN06971738	GSM2626942	RNA-Seq	cDNA	TRANSCRIPTOMIC	SINGLE	ILLUMINA	Illumina HiSeq 2500	SRP107025	PRJNA386518	9606	Homo sapiens	36506634	3687170034	101	2478	https://sra-downloadb.be-md.ncbi.nlm.nih.gov/sos5/sra-pub-zq-14/SRR005/553/SRR5553798.sralite.1	2018-02-26 08:47:24
SRR5553800	SRX2819258	SRS2197411	SAMN06971736	GSM2626944	RNA-Seq	cDNA	TRANSCRIPTOMIC	SINGLE	ILLUMINA	Illumina HiSeq 2500	SRP107025	PRJNA386518	9606	Homo sapiens	32968164	3329784564	101	2189	https://sra-downloadb.be-md.ncbi.nlm.nih.gov/sos5/sra-pub-zq-14/SRR005/553/SRR5553800.sralite.1	2018-02-26 08:47:24
SRR5553801	SRX2819259	SRS2197412	SAMN06971735	GSM2626945	RNA-Seq	cDNA	TRANSCRIPTOMIC	SINGLE	ILLUMINA	Illumina HiSeq 2500	SRP107025	PRJNA386518	9606	Homo sapiens	34315466	3431546600	100	2231	https://sra-downloadb.be-md.ncbi.nlm.nih.gov/sos5/sra-pub-zq-14/SRR005/553/SRR5553801.sralite.1	2018-02-26 08:47:24
SRR5553802	SRX2819260	SRS2197413	SAMN06971734	GSM2626946	RNA-Seq	cDNA	TRANSCRIPTOMIC	SINGLE	ILLUMINA	Illumina HiSeq 2500	SRP107025	PRJNA386518	9606	Homo sapiens	26890775	2715968275	101	1803	https://sra-downloadb.be-md.ncbi.nlm.nih.gov/sos5/sra-pub-zq-14/SRR005/553/SRR5553802.sralite.1	2018-02-26 08:47:24
SRR5553803	SRX2819261	SRS2197414	SAMN06971733	GSM2626947	RNA-Seq	cDNA	TRANSCRIPTOMIC	SINGLE	ILLUMINA	Illumina HiSeq 2500	SRP107025	PRJNA386518	9606	Homo sapiens	40181902	4058372102	101	2696	https://sra-downloadb.be-md.ncbi.nlm.nih.gov/sos5/sra-pub-zq-14/SRR005/553/SRR5553803.sralite.1	2018-02-26 08:47:24
SRR5553804	SRX2819262	SRS2197415	SAMN06971732	GSM2626948	RNA-Seq	cDNA	TRANSCRIPTOMIC	SINGLE	ILLUMINA	Illumina HiSeq 2500	SRP107025	PRJNA386518	9606	Homo sapiens	46801503	4726951803	101	3117	https://sra-downloadb.be-md.ncbi.nlm.nih.gov/sos5/sra-pub-zq-14/SRR005/553/SRR5553804.sralite.1	2018-02-26 08:47:24
SRR5553805	SRX2819263	SRS2197416	SAMN06971731	GSM2626949	RNA-Seq	cDNA	TRANSCRIPTOMIC	SINGLE	ILLUMINA	Illumina HiSeq 2500	SRP107025	PRJNA386518	9606	Homo sapiens	22364574	2258821974	101	1495	https://sra-downloadb.be-md.ncbi.nlm.nih.gov/sos5/sra-pub-zq-14/SRR005/553/SRR5553805.sralite.1	2018-02-26 08:47:24
SRR5553807	SRX2819265	SRS2197417	SAMN06971729	GSM2626951	RNA-Seq	cDNA	TRANSCRIPTOMIC	SINGLE	ILLUMINA	Illumina HiSeq 2500	SRP107025	PRJNA386518	9606	Homo sapiens	29633092	2992942292	101	1978	https://sra-downloadb.be-md.ncbi.nlm.nih.gov/sos5/sra-pub-zq-14/SRR005/553/SRR5553807.sralite.1	2018-02-26 08:47:24
SRR5553808	SRX2819266	SRS2197418	SAMN06971728	GSM2626952	RNA-Seq	cDNA	TRANSCRIPTOMIC	SINGLE	ILLUMINA	Illumina HiSeq 2500	SRP107025	PRJNA386518	9606	Homo sapiens	26629231	2689552331	101	1795	https://sra-downloadb.be-md.ncbi.nlm.nih.gov/sos5/sra-pub-zq-14/SRR005/553/SRR5553808.sralite.1	2018-02-26 08:47:24
SRR5553806	SRX2819264	SRS2197419	SAMN06971730	GSM2626950	RNA-Seq	cDNA	TRANSCRIPTOMIC	SINGLE	ILLUMINA	Illumina HiSeq 2500	SRP107025	PRJNA386518	9606	Homo sapiens	24499821	2474481921	101	1648	https://sra-downloadb.be-md.ncbi.nlm.nih.gov/sos5/sra-pub-zq-14/SRR005/553/SRR5553806.sralite.1	2018-02-26 08:47:24
SRR5553809	SRX2819267	SRS2197420	SAMN06971727	GSM2626953	RNA-Seq	cDNA	TRANSCRIPTOMIC	SINGLE	ILLUMINA	Illumina HiSeq 2500	SRP107025	PRJNA386518	9606	Homo sapiens	34704698	3470469800	100	2259	https://sra-downloadb.be-md.ncbi.nlm.nih.gov/sos5/sra-pub-zq-14/SRR005/553/SRR5553809.sralite.1	2018-02-26 08:47:24
SRR5553810	SRX2819268	SRS2197421	SAMN06971726	GSM2626954	RNA-Seq	cDNA	TRANSCRIPTOMIC	SINGLE	ILLUMINA	Illumina HiSeq 2500	SRP107025	PRJNA386518	9606	Homo sapiens	26408121	2667220221	101	1777	https://sra-downloadb.be-md.ncbi.nlm.nih.gov/sos5/sra-pub-zq-14/SRR005/553/SRR5553810.sralite.1	2018-02-26 08:47:24
SRR5553811	SRX2819269	SRS2197422	SAMN06971725	GSM2626955	RNA-Seq	cDNA	TRANSCRIPTOMIC	SINGLE	ILLUMINA	Illumina HiSeq 2500	SRP107025	PRJNA386518	9606	Homo sapiens	28092176	2837309776	101	1904	https://sra-downloadb.be-md.ncbi.nlm.nih.gov/sos5/sra-pub-zq-14/SRR005/553/SRR5553811.sralite.1	2018-02-26 08:47:24
SRR5553812	SRX2819270	SRS2197423	SAMN06971724	GSM2626956	RNA-Seq	cDNA	TRANSCRIPTOMIC	SINGLE	ILLUMINA	Illumina HiSeq 2500	SRP107025	PRJNA386518	9606	Homo sapiens	22399712	2262370912	101	1515	https://sra-downloadb.be-md.ncbi.nlm.nih.gov/sos5/sra-pub-zq-14/SRR005/553/SRR5553812.sralite.1	2018-02-26 08:47:24
SRR5553813	SRX2819271	SRS2197424	SAMN06971723	GSM2626957	RNA-Seq	cDNA	TRANSCRIPTOMIC	SINGLE	ILLUMINA	Illumina HiSeq 2500	SRP107025	PRJNA386518	9606	Homo sapiens	41996910	4241687910	101	2831	https://sra-downloadb.be-md.ncbi.nlm.nih.gov/sos5/sra-pub-zq-14/SRR005/553/SRR5553813.sralite.1	2018-02-26 08:47:24
SRR5553814	SRX2819272	SRS2197425	SAMN06971722	GSM2626958	RNA-Seq	cDNA	TRANSCRIPTOMIC	SINGLE	ILLUMINA	Illumina HiSeq 2500	SRP107025	PRJNA386518	9606	Homo sapiens	36296199	3665916099	101	2431	https://sra-downloadb.be-md.ncbi.nlm.nih.gov/sos5/sra-pub-zq-14/SRR005/553/SRR5553814.sralite.1	2018-02-26 08:47:24
SRR5553815	SRX2819273	SRS2197426	SAMN06971721	GSM2626959	RNA-Seq	cDNA	TRANSCRIPTOMIC	SINGLE	ILLUMINA	Illumina HiSeq 2500	SRP107025	PRJNA386518	9606	Homo sapiens	23782718	2402054518	101	1594	https://sra-downloadb.be-md.ncbi.nlm.nih.gov/sos5/sra-pub-zq-14/SRR005/553/SRR5553815.sralite.1	2018-02-26 08:47:24
SRR5553816	SRX2819274	SRS2197427	SAMN06971720	GSM2626960	RNA-Seq	cDNA	TRANSCRIPTOMIC	SINGLE	ILLUMINA	Illumina HiSeq 2500	SRP107025	PRJNA386518	9606	Homo sapiens	33776944	3411471344	101	2264	https://sra-downloadb.be-md.ncbi.nlm.nih.gov/sos5/sra-pub-zq-14/SRR005/553/SRR5553816.sralite.1	2018-02-26 08:47:24
SRR5553817	SRX2819275	SRS2197428	SAMN06971719	GSM2626961	RNA-Seq	cDNA	TRANSCRIPTOMIC	SINGLE	ILLUMINA	Illumina HiSeq 2500	SRP107025	PRJNA386518	9606	Homo sapiens	37264423	3726442300	100	2421	https://sra-downloadb.be-md.ncbi.nlm.nih.gov/sos5/sra-pub-zq-14/SRR005/553/SRR5553817.sralite.1	2018-02-26 08:47:24
SRR5553819	SRX2819277	SRS2197429	SAMN06971717	GSM2626963	RNA-Seq	cDNA	TRANSCRIPTOMIC	SINGLE	ILLUMINA	Illumina HiSeq 2500	SRP107025	PRJNA386518	9606	Homo sapiens	37551256	3792676856	101	2476	https://sra-downloadb.be-md.ncbi.nlm.nih.gov/sos5/sra-pub-zq-14/SRR005/553/SRR5553819.sralite.1	2018-02-26 08:47:24
SRR5553818	SRX2819276	SRS2197430	SAMN06971718	GSM2626962	RNA-Seq	cDNA	TRANSCRIPTOMIC	SINGLE	ILLUMINA	Illumina HiSeq 2500	SRP107025	PRJNA386518	9606	Homo sapiens	35528192	3588347392	101	2372	https://sra-downloadb.be-md.ncbi.nlm.nih.gov/sos5/sra-pub-zq-14/SRR005/553/SRR5553818.sralite.1	2018-02-26 08:47:24
SRR5553821	SRX2819279	SRS2197431	SAMN06971715	GSM2626965	RNA-Seq	cDNA	TRANSCRIPTOMIC	SINGLE	ILLUMINA	Illumina HiSeq 2500	SRP107025	PRJNA386518	9606	Homo sapiens	34408637	3475272337	101	2266	https://sra-downloadb.be-md.ncbi.nlm.nih.gov/sos5/sra-pub-zq-14/SRR005/553/SRR5553821.sralite.1	2018-02-26 08:47:24
SRR5553820	SRX2819278	SRS2197432	SAMN06971716	GSM2626964	RNA-Seq	cDNA	TRANSCRIPTOMIC	SINGLE	ILLUMINA	Illumina HiSeq 2500	SRP107025	PRJNA386518	9606	Homo sapiens	36473026	3683775626	101	2412	https://sra-downloadb.be-md.ncbi.nlm.nih.gov/sos5/sra-pub-zq-14/SRR005/553/SRR5553820.sralite.1	2018-02-26 08:47:24
SRR5553822	SRX2819280	SRS2197433	SAMN06971714	GSM2626966	RNA-Seq	cDNA	TRANSCRIPTOMIC	SINGLE	ILLUMINA	Illumina HiSeq 2500	SRP107025	PRJNA386518	9606	Homo sapiens	34148898	3414889800	100	2217	https://sra-downloadb.be-md.ncbi.nlm.nih.gov/sos5/sra-pub-zq-14/SRR005/553/SRR5553822.sralite.1	2018-02-26 08:47:24
SRR5553823	SRX2819281	SRS2197434	SAMN06971713	GSM2626967	RNA-Seq	cDNA	TRANSCRIPTOMIC	SINGLE	ILLUMINA	Illumina HiSeq 2500	SRP107025	PRJNA386518	9606	Homo sapiens	33210184	3321018400	100	2157	https://sra-downloadb.be-md.ncbi.nlm.nih.gov/sos5/sra-pub-zq-14/SRR005/553/SRR5553823.sralite.1	2018-02-26 08:47:24
SRR5553799	SRX2819257	SRS2197435	SAMN06971737	GSM2626943	RNA-Seq	cDNA	TRANSCRIPTOMIC	SINGLE	ILLUMINA	Illumina HiSeq 2500	SRP107025	PRJNA386518	9606	Homo sapiens	36531734	3689705134	101	2465	https://sra-downloadb.be-md.ncbi.nlm.nih.gov/sos5/sra-pub-zq-14/SRR005/553/SRR5553799.sralite.1	2018-02-26 08:47:24
SRR5553824	SRX2819282	SRS2197436	SAMN06971766	GSM2626968	RNA-Seq	cDNA	TRANSCRIPTOMIC	SINGLE	ILLUMINA	Illumina HiSeq 2500	SRP107025	PRJNA386518	9606	Homo sapiens	37717847	3771784700	100	2444	https://sra-downloadb.be-md.ncbi.nlm.nih.gov/sos5/sra-pub-zq-14/SRR005/553/SRR5553824.sralite.1	2018-02-26 08:47:24
SRR5553825	SRX2819283	SRS2197437	SAMN06971712	GSM2626969	RNA-Seq	cDNA	TRANSCRIPTOMIC	SINGLE	ILLUMINA	Illumina HiSeq 2500	SRP107025	PRJNA386518	9606	Homo sapiens	37170869	3717086900	100	2469	https://sra-downloadb.be-md.ncbi.nlm.nih.gov/sos5/sra-pub-zq-14/SRR005/553/SRR5553825.sralite.1	2018-02-26 08:47:24
SRR5553826	SRX2819284	SRS2197438	SAMN06971771	GSM2626970	RNA-Seq	cDNA	TRANSCRIPTOMIC	SINGLE	ILLUMINA	Illumina HiSeq 2500	SRP107025	PRJNA386518	9606	Homo sapiens	34545284	3454528400	100	2306	https://sra-downloadb.be-md.ncbi.nlm.nih.gov/sos5/sra-pub-zq-14/SRR005/553/SRR5553826.sralite.1	2018-02-26 08:47:24
SRR5553827	SRX2819285	SRS2197439	SAMN06971770	GSM2626971	RNA-Seq	cDNA	TRANSCRIPTOMIC	SINGLE	ILLUMINA	Illumina HiSeq 2500	SRP107025	PRJNA386518	9606	Homo sapiens	39199340	3919934000	100	2601	https://sra-downloadb.be-md.ncbi.nlm.nih.gov/sos5/sra-pub-zq-14/SRR005/553/SRR5553827.sralite.1	2018-02-26 08:47:24
SRR5553828	SRX2819286	SRS2197440	SAMN06971769	GSM2626972	RNA-Seq	cDNA	TRANSCRIPTOMIC	SINGLE	ILLUMINA	Illumina HiSeq 2500	SRP107025	PRJNA386518	9606	Homo sapiens	32648092	3264809200	100	2170	https://sra-downloadb.be-md.ncbi.nlm.nih.gov/sos5/sra-pub-zq-14/SRR005/553/SRR5553828.sralite.1	2018-02-26 08:47:24
SRR5553829	SRX2819287	SRS2197441	SAMN06971768	GSM2626973	RNA-Seq	cDNA	TRANSCRIPTOMIC	SINGLE	ILLUMINA	Illumina HiSeq 2500	SRP107025	PRJNA386518	9606	Homo sapiens	38258089	3825808900	100	2546	https://sra-downloadb.be-md.ncbi.nlm.nih.gov/sos5/sra-pub-zq-14/SRR005/553/SRR5553829.sralite.1	2018-02-26 08:47:24
SRR5553830	SRX2819288	SRS2197442	SAMN06971767	GSM2626974	RNA-Seq	cDNA	TRANSCRIPTOMIC	SINGLE	ILLUMINA	Illumina HiSeq 2500	SRP107025	PRJNA386518	9606	Homo sapiens	38504272	3850427200	100	2584	https://sra-downloadb.be-md.ncbi.nlm.nih.gov/sos5/sra-pub-zq-14/SRR005/553/SRR5553830.sralite.1	2018-02-26 08:47:24
SRR5553831	SRX2819289	SRS2197443	SAMN06971765	GSM2626975	RNA-Seq	cDNA	TRANSCRIPTOMIC	SINGLE	ILLUMINA	Illumina HiSeq 2500	SRP107025	PRJNA386518	9606	Homo sapiens	34806343	3480634300	100	2339	https://sra-downloadb.be-md.ncbi.nlm.nih.gov/sos5/sra-pub-zq-14/SRR005/553/SRR5553831.sralite.1	2018-02-26 08:47:24
SRR5553832	SRX2819290	SRS2197444	SAMN06971764	GSM2626976	RNA-Seq	cDNA	TRANSCRIPTOMIC	SINGLE	ILLUMINA	Illumina HiSeq 2500	SRP107025	PRJNA386518	9606	Homo sapiens	35762838	3576283800	100	2401	https://sra-downloadb.be-md.ncbi.nlm.nih.gov/sos5/sra-pub-zq-14/SRR005/553/SRR5553832.sralite.1	2018-02-26 08:47:24
SRR5553834	SRX2819292	SRS2197445	SAMN06971762	GSM2626978	RNA-Seq	cDNA	TRANSCRIPTOMIC	SINGLE	ILLUMINA	Illumina HiSeq 2500	SRP107025	PRJNA386518	9606	Homo sapiens	37404920	3740492000	100	2531	https://sra-downloadb.be-md.ncbi.nlm.nih.gov/sos5/sra-pub-zq-14/SRR005/553/SRR5553834.sralite.1	2018-02-26 08:47:24
SRR5553833	SRX2819291	SRS2197446	SAMN06971763	GSM2626977	RNA-Seq	cDNA	TRANSCRIPTOMIC	SINGLE	ILLUMINA	Illumina HiSeq 2500	SRP107025	PRJNA386518	9606	Homo sapiens	37708642	3770864200	100	2531	https://sra-downloadb.be-md.ncbi.nlm.nih.gov/sos5/sra-pub-zq-14/SRR005/553/SRR5553833.sralite.1	2018-02-26 08:47:24
SRR5553835	SRX2819293	SRS2197447	SAMN06971761	GSM2626979	RNA-Seq	cDNA	TRANSCRIPTOMIC	SINGLE	ILLUMINA	Illumina HiSeq 2500	SRP107025	PRJNA386518	9606	Homo sapiens	39006944	3900694400	100	2530	https://sra-downloadb.be-md.ncbi.nlm.nih.gov/sos5/sra-pub-zq-14/SRR005/553/SRR5553835.sralite.1	2018-02-26 08:47:24
SRR5553836	SRX2819294	SRS2197448	SAMN06971760	GSM2626980	RNA-Seq	cDNA	TRANSCRIPTOMIC	SINGLE	ILLUMINA	Illumina HiSeq 2500	SRP107025	PRJNA386518	9606	Homo sapiens	26411642	2667575842	101	1761	https://sra-downloadb.be-md.ncbi.nlm.nih.gov/sos5/sra-pub-zq-14/SRR005/553/SRR5553836.sralite.1	2018-02-26 08:47:24
SRR5553837	SRX2819295	SRS2197449	SAMN06971759	GSM2626981	RNA-Seq	cDNA	TRANSCRIPTOMIC	SINGLE	ILLUMINA	Illumina HiSeq 2500	SRP107025	PRJNA386518	9606	Homo sapiens	29648590	2994507590	101	1945	https://sra-downloadb.be-md.ncbi.nlm.nih.gov/sos5/sra-pub-zq-14/SRR005/553/SRR5553837.sralite.1	2018-02-26 08:47:24
SRR5553839	SRX2819297	SRS2197450	SAMN06971757	GSM2626983	RNA-Seq	cDNA	TRANSCRIPTOMIC	SINGLE	ILLUMINA	Illumina HiSeq 2500	SRP107025	PRJNA386518	9606	Homo sapiens	28350148	2863364948	101	1856	https://sra-downloadb.be-md.ncbi.nlm.nih.gov/sos5/sra-pub-zq-14/SRR005/553/SRR5553839.sralite.1	2018-02-26 08:47:24
SRR5553838	SRX2819296	SRS2197451	SAMN06971758	GSM2626982	RNA-Seq	cDNA	TRANSCRIPTOMIC	SINGLE	ILLUMINA	Illumina HiSeq 2500	SRP107025	PRJNA386518	9606	Homo sapiens	28785028	2907287828	101	1888	https://sra-downloadb.be-md.ncbi.nlm.nih.gov/sos5/sra-pub-zq-14/SRR005/553/SRR5553838.sralite.1	2018-02-26 08:47:24
SRR5553841	SRX2819299	SRS2197452	SAMN06971755	GSM2626985	RNA-Seq	cDNA	TRANSCRIPTOMIC	SINGLE	ILLUMINA	Illumina HiSeq 2500	SRP107025	PRJNA386518	9606	Homo sapiens	30606660	3091272660	101	1991	https://sra-downloadb.be-md.ncbi.nlm.nih.gov/sos5/sra-pub-zq-14/SRR005/553/SRR5553841.sralite.1	2018-02-26 08:47:24
SRR5553840	SRX2819298	SRS2197453	SAMN06971756	GSM2626984	RNA-Seq	cDNA	TRANSCRIPTOMIC	SINGLE	ILLUMINA	Illumina HiSeq 2500	SRP107025	PRJNA386518	9606	Homo sapiens	31308346	3162142946	101	2055	https://sra-downloadb.be-md.ncbi.nlm.nih.gov/sos5/sra-pub-zq-14/SRR005/553/SRR5553840.sralite.1	2018-02-26 08:47:24
SRR5553842	SRX2819300	SRS2197454	SAMN06971754	GSM2626986	RNA-Seq	cDNA	TRANSCRIPTOMIC	SINGLE	ILLUMINA	Illumina HiSeq 2500	SRP107025	PRJNA386518	9606	Homo sapiens	41205645	4161770145	101	2679	https://sra-downloadb.be-md.ncbi.nlm.nih.gov/sos5/sra-pub-zq-14/SRR005/553/SRR5553842.sralite.1	2018-02-26 08:47:24
SRR5553843	SRX2819301	SRS2197455	SAMN06971753	GSM2626987	RNA-Seq	cDNA	TRANSCRIPTOMIC	SINGLE	ILLUMINA	Illumina HiSeq 2500	SRP107025	PRJNA386518	9606	Homo sapiens	32904464	3323350864	101	2136	https://sra-downloadb.be-md.ncbi.nlm.nih.gov/sos5/sra-pub-zq-14/SRR005/553/SRR5553843.sralite.1	2018-02-26 08:47:24
SRR5553844	SRX2819302	SRS2197456	SAMN06971752	GSM2626988	RNA-Seq	cDNA	TRANSCRIPTOMIC	SINGLE	ILLUMINA	Illumina HiSeq 2500	SRP107025	PRJNA386518	9606	Homo sapiens	27316867	2759003567	101	1781	https://sra-downloadb.be-md.ncbi.nlm.nih.gov/sos5/sra-pub-zq-14/SRR005/553/SRR5553844.sralite.1	2018-02-26 08:47:24
SRR5553845	SRX2819303	SRS2197457	SAMN06971751	GSM2626989	RNA-Seq	cDNA	TRANSCRIPTOMIC	SINGLE	ILLUMINA	Illumina HiSeq 2500	SRP107025	PRJNA386518	9606	Homo sapiens	36359228	3672282028	101	2413	https://sra-downloadb.be-md.ncbi.nlm.nih.gov/sos5/sra-pub-zq-14/SRR005/553/SRR5553845.sralite.1	2018-02-26 08:47:24
SRR5553846	SRX2819304	SRS2197458	SAMN06971750	GSM2626990	RNA-Seq	cDNA	TRANSCRIPTOMIC	SINGLE	ILLUMINA	Illumina HiSeq 2500	SRP107025	PRJNA386518	9606	Homo sapiens	34760747	3510835447	101	2324	https://sra-downloadb.be-md.ncbi.nlm.nih.gov/sos5/sra-pub-zq-14/SRR005/553/SRR5553846.sralite.1	2018-02-26 08:47:24
SRR5553847	SRX2819305	SRS2197459	SAMN06971749	GSM2626991	RNA-Seq	cDNA	TRANSCRIPTOMIC	SINGLE	ILLUMINA	Illumina HiSeq 2500	SRP107025	PRJNA386518	9606	Homo sapiens	28455990	2874054990	101	1886	https://sra-downloadb.be-md.ncbi.nlm.nih.gov/sos5/sra-pub-zq-14/SRR005/553/SRR5553847.sralite.1	2018-02-26 08:47:24
SRR5553848	SRX2819306	SRS2197460	SAMN06971748	GSM2626992	RNA-Seq	cDNA	TRANSCRIPTOMIC	SINGLE	ILLUMINA	Illumina HiSeq 2500	SRP107025	PRJNA386518	9606	Homo sapiens	33148854	3348034254	101	2218	https://sra-downloadb.be-md.ncbi.nlm.nih.gov/sos5/sra-pub-zq-14/SRR005/553/SRR5553848.sralite.1	2018-02-26 08:47:24
SRR5553850	SRX2819308	SRS2197461	SAMN06971746	GSM2626994	RNA-Seq	cDNA	TRANSCRIPTOMIC	SINGLE	ILLUMINA	Illumina HiSeq 2500	SRP107025	PRJNA386518	9606	Homo sapiens	26733768	2700110568	101	1785	https://sra-downloadb.be-md.ncbi.nlm.nih.gov/sos5/sra-pub-zq-14/SRR005/553/SRR5553850.sralite.1	2018-02-26 08:47:24
SRR5553849	SRX2819307	SRS2197462	SAMN06971747	GSM2626993	RNA-Seq	cDNA	TRANSCRIPTOMIC	SINGLE	ILLUMINA	Illumina HiSeq 2500	SRP107025	PRJNA386518	9606	Homo sapiens	37927178	3830644978	101	2529	https://sra-downloadb.be-md.ncbi.nlm.nih.gov/sos5/sra-pub-zq-14/SRR005/553/SRR5553849.sralite.1	2018-02-26 08:47:24
SRR5553851	SRX2819309	SRS2197463	SAMN06971745	GSM2626995	RNA-Seq	cDNA	TRANSCRIPTOMIC	SINGLE	ILLUMINA	Illumina HiSeq 2500	SRP107025	PRJNA386518	9606	Homo sapiens	39744376	4014181976	101	2766	https://sra-downloadb.be-md.ncbi.nlm.nih.gov/sos5/sra-pub-zq-14/SRR005/553/SRR5553851.sralite.1	2018-02-26 08:47:25
SRR5553852	SRX2819310	SRS2197464	SAMN06971591	GSM2626996	RNA-Seq	cDNA	TRANSCRIPTOMIC	SINGLE	ILLUMINA	Illumina HiSeq 2500	SRP107025	PRJNA386518	9606	Homo sapiens	33391408	3372532208	101	2165	https://sra-downloadb.be-md.ncbi.nlm.nih.gov/sos5/sra-pub-zq-14/SRR005/553/SRR5553852.sralite.1	2018-02-26 08:47:25
SRR5553853	SRX2819311	SRS2197465	SAMN06971590	GSM2626997	RNA-Seq	cDNA	TRANSCRIPTOMIC	SINGLE	ILLUMINA	Illumina HiSeq 2500	SRP107025	PRJNA386518	9606	Homo sapiens	34156941	3449851041	101	2325	https://sra-downloadb.be-md.ncbi.nlm.nih.gov/sos5/sra-pub-zq-14/SRR005/553/SRR5553853.sralite.1	2018-02-26 08:47:25
SRR5553854	SRX2819312	SRS2197466	SAMN06971589	GSM2626998	RNA-Seq	cDNA	TRANSCRIPTOMIC	SINGLE	ILLUMINA	Illumina HiSeq 2500	SRP107025	PRJNA386518	9606	Homo sapiens	34814235	3516237735	101	2253	https://sra-downloadb.be-md.ncbi.nlm.nih.gov/sos5/sra-pub-zq-14/SRR005/553/SRR5553854.sralite.1	2018-02-26 08:47:25
SRR5553855	SRX2819313	SRS2197467	SAMN06971744	GSM2626999	RNA-Seq	cDNA	TRANSCRIPTOMIC	SINGLE	ILLUMINA	Illumina HiSeq 2500	SRP107025	PRJNA386518	9606	Homo sapiens	37740001	3811740101	101	2567	https://sra-downloadb.be-md.ncbi.nlm.nih.gov/sos5/sra-pub-zq-14/SRR005/553/SRR5553855.sralite.1	2018-02-26 08:47:25
SRR5553856	SRX2819314	SRS2197468	SAMN06971743	GSM2627000	RNA-Seq	cDNA	TRANSCRIPTOMIC	SINGLE	ILLUMINA	Illumina HiSeq 2500	SRP107025	PRJNA386518	9606	Homo sapiens	31672231	3198895331	101	2137	https://sra-downloadb.be-md.ncbi.nlm.nih.gov/sos5/sra-pub-zq-14/SRR005/553/SRR5553856.sralite.1	2018-02-26 08:47:25
SRR5553857	SRX2819315	SRS2197469	SAMN06971742	GSM2627001	RNA-Seq	cDNA	TRANSCRIPTOMIC	SINGLE	ILLUMINA	Illumina HiSeq 2500	SRP107025	PRJNA386518	9606	Homo sapiens	29842833	3014126133	101	2032	https://sra-downloadb.be-md.ncbi.nlm.nih.gov/sos5/sra-pub-zq-14/SRR005/553/SRR5553857.sralite.1	2018-02-26 08:47:25
SRR5553859	SRX2819317	SRS2197470	SAMN06971592	GSM2627003	RNA-Seq	cDNA	TRANSCRIPTOMIC	SINGLE	ILLUMINA	Illumina HiSeq 2500	SRP107025	PRJNA386518	9606	Homo sapiens	16039271	1619966371	101	1068	https://sra-downloadb.be-md.ncbi.nlm.nih.gov/sos5/sra-pub-zq-14/SRR005/553/SRR5553859.sralite.1	2018-02-26 08:47:25
SRR5553858	SRX2819316	SRS2197471	SAMN06971593	GSM2627002	RNA-Seq	cDNA	TRANSCRIPTOMIC	SINGLE	ILLUMINA	Illumina HiSeq 2500	SRP107025	PRJNA386518	9606	Homo sapiens	16760162	1692776362	101	1117	https://sra-downloadb.be-md.ncbi.nlm.nih.gov/sos5/sra-pub-zq-14/SRR005/553/SRR5553858.sralite.1	2018-02-26 08:47:25
SRR5553860	SRX2819318	SRS2197472	SAMN06971588	GSM2627004	RNA-Seq	cDNA	TRANSCRIPTOMIC	SINGLE	ILLUMINA	Illumina HiSeq 2500	SRP107025	PRJNA386518	9606	Homo sapiens	19176905	1936867405	101	1273	https://sra-downloadb.be-md.ncbi.nlm.nih.gov/sos5/sra-pub-zq-14/SRR005/553/SRR5553860.sralite.1	2018-02-26 08:47:25
SRR5553861	SRX2819319	SRS2197473	SAMN06971587	GSM2627005	RNA-Seq	cDNA	TRANSCRIPTOMIC	SINGLE	ILLUMINA	Illumina HiSeq 2500	SRP107025	PRJNA386518	9606	Homo sapiens	37977900	3835767900	101	2451	https://sra-downloadb.be-md.ncbi.nlm.nih.gov/sos5/sra-pub-zq-14/SRR005/553/SRR5553861.sralite.1	2018-02-26 08:47:25
SRR5553863	SRX2819321	SRS2197474	SAMN06971585	GSM2627007	RNA-Seq	cDNA	TRANSCRIPTOMIC	SINGLE	ILLUMINA	Illumina HiSeq 2500	SRP107025	PRJNA386518	9606	Homo sapiens	38737563	3912493863	101	2745	https://sra-downloadb.be-md.ncbi.nlm.nih.gov/sos5/sra-pub-zq-14/SRR005/553/SRR5553863.sralite.1	2018-02-26 08:47:25
SRR5553862	SRX2819320	SRS2197475	SAMN06971586	GSM2627006	RNA-Seq	cDNA	TRANSCRIPTOMIC	SINGLE	ILLUMINA	Illumina HiSeq 2500	SRP107025	PRJNA386518	9606	Homo sapiens	35498996	3585398596	101	2299	https://sra-downloadb.be-md.ncbi.nlm.nih.gov/sos5/sra-pub-zq-14/SRR005/553/SRR5553862.sralite.1	2018-02-26 08:47:25
SRR5553865	SRX2819323	SRS2197476	SAMN06971583	GSM2627009	RNA-Seq	cDNA	TRANSCRIPTOMIC	SINGLE	ILLUMINA	Illumina HiSeq 2500	SRP107025	PRJNA386518	9606	Homo sapiens	32846655	3317512155	101	2213	https://sra-downloadb.be-md.ncbi.nlm.nih.gov/sos5/sra-pub-zq-14/SRR005/553/SRR5553865.sralite.1	2018-02-26 08:47:25
SRR5553864	SRX2819322	SRS2197477	SAMN06971584	GSM2627008	RNA-Seq	cDNA	TRANSCRIPTOMIC	SINGLE	ILLUMINA	Illumina HiSeq 2500	SRP107025	PRJNA386518	9606	Homo sapiens	30328380	3063166380	101	2160	https://sra-downloadb.be-md.ncbi.nlm.nih.gov/sos5/sra-pub-zq-14/SRR005/553/SRR5553864.sralite.1	2018-02-26 08:47:25
SRR5553868	SRX2819326	SRS2197478	SAMN06971580	GSM2627012	RNA-Seq	cDNA	TRANSCRIPTOMIC	SINGLE	ILLUMINA	Illumina HiSeq 2500	SRP107025	PRJNA386518	9606	Homo sapiens	35794275	3615221775	101	2413	https://sra-downloadb.be-md.ncbi.nlm.nih.gov/sos5/sra-pub-zq-14/SRR005/553/SRR5553868.sralite.1	2018-02-26 08:47:25
SRR5553867	SRX2819325	SRS2197479	SAMN06971581	GSM2627011	RNA-Seq	cDNA	TRANSCRIPTOMIC	SINGLE	ILLUMINA	Illumina HiSeq 2500	SRP107025	PRJNA386518	9606	Homo sapiens	33312985	3364611485	101	2242	https://sra-downloadb.be-md.ncbi.nlm.nih.gov/sos5/sra-pub-zq-14/SRR005/553/SRR5553867.sralite.1	2018-02-26 08:47:25
SRR5553869	SRX2819327	SRS2197480	SAMN06971579	GSM2627013	RNA-Seq	cDNA	TRANSCRIPTOMIC	SINGLE	ILLUMINA	Illumina HiSeq 2500	SRP107025	PRJNA386518	9606	Homo sapiens	34096847	3443781547	101	2295	https://sra-downloadb.be-md.ncbi.nlm.nih.gov/sos5/sra-pub-zq-14/SRR005/553/SRR5553869.sralite.1	2018-02-26 08:47:25
SRR5553870	SRX2819328	SRS2197481	SAMN06971578	GSM2627014	RNA-Seq	cDNA	TRANSCRIPTOMIC	SINGLE	ILLUMINA	Illumina HiSeq 2500	SRP107025	PRJNA386518	9606	Homo sapiens	28399891	2868388991	101	2001	https://sra-downloadb.be-md.ncbi.nlm.nih.gov/sos5/sra-pub-zq-14/SRR005/553/SRR5553870.sralite.1	2018-02-26 08:47:25
SRR5553871	SRX2819329	SRS2197482	SAMN06971577	GSM2627015	RNA-Seq	cDNA	TRANSCRIPTOMIC	SINGLE	ILLUMINA	Illumina HiSeq 2500	SRP107025	PRJNA386518	9606	Homo sapiens	30065043	3036569343	101	2022	https://sra-downloadb.be-md.ncbi.nlm.nih.gov/sos5/sra-pub-zq-14/SRR005/553/SRR5553871.sralite.1	2018-02-26 08:47:25
SRR5553872	SRX2819330	SRS2197483	SAMN06971576	GSM2627016	RNA-Seq	cDNA	TRANSCRIPTOMIC	SINGLE	ILLUMINA	Illumina HiSeq 2500	SRP107025	PRJNA386518	9606	Homo sapiens	31677536	3199431136	101	2134	https://sra-downloadb.be-md.ncbi.nlm.nih.gov/sos5/sra-pub-zq-14/SRR005/553/SRR5553872.sralite.1	2018-02-26 08:47:25
SRR5553873	SRX2819331	SRS2197484	SAMN06971575	GSM2627017	RNA-Seq	cDNA	TRANSCRIPTOMIC	SINGLE	ILLUMINA	Illumina HiSeq 2500	SRP107025	PRJNA386518	9606	Homo sapiens	42350739	4277424639	101	2853	https://sra-downloadb.be-md.ncbi.nlm.nih.gov/sos5/sra-pub-zq-14/SRR005/553/SRR5553873.sralite.1	2018-02-26 08:47:25
SRR5553874	SRX2819332	SRS2197485	SAMN06971574	GSM2627018	RNA-Seq	cDNA	TRANSCRIPTOMIC	SINGLE	ILLUMINA	Illumina HiSeq 2500	SRP107025	PRJNA386518	9606	Homo sapiens	31200829	3151283729	101	2190	https://sra-downloadb.be-md.ncbi.nlm.nih.gov/sos5/sra-pub-zq-14/SRR005/553/SRR5553874.sralite.1	2018-02-26 08:47:25
SRR5553875	SRX2819333	SRS2197486	SAMN06971573	GSM2627019	RNA-Seq	cDNA	TRANSCRIPTOMIC	SINGLE	ILLUMINA	Illumina HiSeq 2500	SRP107025	PRJNA386518	9606	Homo sapiens	31085182	3139603382	101	2180	https://sra-downloadb.be-md.ncbi.nlm.nih.gov/sos5/sra-pub-zq-14/SRR005/553/SRR5553875.sralite.1	2018-02-26 08:47:25
SRR5553876	SRX2819334	SRS2197487	SAMN06971572	GSM2627020	RNA-Seq	cDNA	TRANSCRIPTOMIC	SINGLE	ILLUMINA	Illumina HiSeq 2500	SRP107025	PRJNA386518	9606	Homo sapiens	35256098	3560865898	101	2395	https://sra-downloadb.be-md.ncbi.nlm.nih.gov/sos5/sra-pub-zq-14/SRR005/553/SRR5553876.sralite.1	2018-02-26 08:47:25
SRR5553877	SRX2819335	SRS2197488	SAMN06971571	GSM2627021	RNA-Seq	cDNA	TRANSCRIPTOMIC	SINGLE	ILLUMINA	Illumina HiSeq 2500	SRP107025	PRJNA386518	9606	Homo sapiens	36570256	3693595856	101	2478	https://sra-downloadb.be-md.ncbi.nlm.nih.gov/sos5/sra-pub-zq-14/SRR005/553/SRR5553877.sralite.1	2018-02-26 08:47:25
SRR5553878	SRX2819336	SRS2197489	SAMN06971570	GSM2627022	RNA-Seq	cDNA	TRANSCRIPTOMIC	PAIRED	ILLUMINA	Illumina HiSeq 2500	SRP107025	PRJNA386518	9606	Homo sapiens	127246868	25703867336	202	17883	https://sra-downloadb.be-md.ncbi.nlm.nih.gov/sos5/sra-pub-zq-14/SRR005/553/SRR5553878.sralite.1	2018-02-26 08:47:25
SRR5553879	SRX2819337	SRS2197490	SAMN06971569	GSM2627023	RNA-Seq	cDNA	TRANSCRIPTOMIC	PAIRED	ILLUMINA	Illumina HiSeq 2500	SRP107025	PRJNA386518	9606	Homo sapiens	104554925	21120094850	202	14721	https://sra-downloadb.be-md.ncbi.nlm.nih.gov/sos5/sra-pub-zq-14/SRR005/553/SRR5553879.sralite.1	2018-02-26 08:47:25
SRR5553880	SRX2819338	SRS2197491	SAMN06971568	GSM2627024	RNA-Seq	cDNA	TRANSCRIPTOMIC	PAIRED	ILLUMINA	Illumina HiSeq 2500	SRP107025	PRJNA386518	9606	Homo sapiens	86692580	17511901160	202	11227	https://sra-downloadb.be-md.ncbi.nlm.nih.gov/sos5/sra-pub-zq-14/SRR005/553/SRR5553880.sralite.1	2018-02-26 08:47:25
SRR5553881	SRX2819339	SRS2197492	SAMN06971623	GSM2627025	RNA-Seq	cDNA	TRANSCRIPTOMIC	PAIRED	ILLUMINA	Illumina HiSeq 2500	SRP107025	PRJNA386518	9606	Homo sapiens	105927553	21397365706	202	14140	https://sra-downloadb.be-md.ncbi.nlm.nih.gov/sos5/sra-pub-zq-14/SRR005/553/SRR5553881.sralite.1	2018-02-26 08:47:25
SRR5553882	SRX2819340	SRS2197493	SAMN06971622	GSM2627026	RNA-Seq	cDNA	TRANSCRIPTOMIC	PAIRED	ILLUMINA	Illumina HiSeq 2500	SRP107025	PRJNA386518	9606	Homo sapiens	112148399	22653976598	202	14934	https://sra-downloadb.be-md.ncbi.nlm.nih.gov/sos5/sra-pub-zq-14/SRR005/553/SRR5553882.sralite.1	2018-02-26 08:47:25
SRR5553883	SRX2819341	SRS2197494	SAMN06971621	GSM2627027	RNA-Seq	cDNA	TRANSCRIPTOMIC	PAIRED	ILLUMINA	Illumina HiSeq 2500	SRP107025	PRJNA386518	9606	Homo sapiens	85060949	17182311698	202	11625	https://sra-downloadb.be-md.ncbi.nlm.nih.gov/sos5/sra-pub-zq-14/SRR005/553/SRR5553883.sralite.1	2018-02-26 08:47:25
SRR5553884	SRX2819342	SRS2197495	SAMN06971620	GSM2627028	RNA-Seq	cDNA	TRANSCRIPTOMIC	PAIRED	ILLUMINA	Illumina HiSeq 2500	SRP107025	PRJNA386518	9606	Homo sapiens	115580987	23347359374	202	15814	https://sra-downloadb.be-md.ncbi.nlm.nih.gov/sos5/sra-pub-zq-14/SRR005/553/SRR5553884.sralite.1	2018-02-26 08:47:25
SRR5553885	SRX2819343	SRS2197496	SAMN06971567	GSM2627029	RNA-Seq	cDNA	TRANSCRIPTOMIC	PAIRED	ILLUMINA	Illumina HiSeq 2500	SRP107025	PRJNA386518	9606	Homo sapiens	101029762	20408011924	202	13843	https://sra-downloadb.be-md.ncbi.nlm.nih.gov/sos5/sra-pub-zq-14/SRR005/553/SRR5553885.sralite.1	2018-02-26 08:47:25
SRR5553886	SRX2819344	SRS2197497	SAMN06971566	GSM2627030	RNA-Seq	cDNA	TRANSCRIPTOMIC	PAIRED	ILLUMINA	Illumina HiSeq 2500	SRP107025	PRJNA386518	9606	Homo sapiens	113209385	22868295770	202	15213	https://sra-downloadb.be-md.ncbi.nlm.nih.gov/sos5/sra-pub-zq-14/SRR005/553/SRR5553886.sralite.1	2018-02-26 08:47:25
SRR5553887	SRX2819345	SRS2197498	SAMN06971773	GSM2627031	RNA-Seq	cDNA	TRANSCRIPTOMIC	PAIRED	ILLUMINA	Illumina HiSeq 2500	SRP107025	PRJNA386518	9606	Homo sapiens	104130276	21034315752	202	13309	https://sra-downloadb.be-md.ncbi.nlm.nih.gov/sos5/sra-pub-zq-14/SRR005/553/SRR5553887.sralite.1	2018-02-26 08:47:25
SRR5553888	SRX2819346	SRS2197499	SAMN06971772	GSM2627032	RNA-Seq	cDNA	TRANSCRIPTOMIC	PAIRED	ILLUMINA	Illumina HiSeq 2500	SRP107025	PRJNA386518	9606	Homo sapiens	193134179	39013104158	202	26706	https://sra-downloadb.be-md.ncbi.nlm.nih.gov/sos5/sra-pub-zq-14/SRR005/553/SRR5553888.sralite.1	2018-02-26 08:47:25
SRR5553889	SRX2819347	SRS2197500	SAMN06971619	GSM2627033	RNA-Seq	cDNA	TRANSCRIPTOMIC	PAIRED	ILLUMINA	Illumina HiSeq 2500	SRP107025	PRJNA386518	9606	Homo sapiens	94705596	19130530392	202	12984	https://sra-downloadb.be-md.ncbi.nlm.nih.gov/sos5/sra-pub-zq-14/SRR005/553/SRR5553889.sralite.1	2018-02-26 08:47:25
SRR5553890	SRX2819348	SRS2197501	SAMN06971618	GSM2627034	RNA-Seq	cDNA	TRANSCRIPTOMIC	PAIRED	ILLUMINA	Illumina HiSeq 2500	SRP107025	PRJNA386518	9606	Homo sapiens	106661685	21545660370	202	14569	https://sra-downloadb.be-md.ncbi.nlm.nih.gov/sos5/sra-pub-zq-14/SRR005/553/SRR5553890.sralite.1	2018-02-26 08:47:25
SRR5553891	SRX2819349	SRS2197502	SAMN06971617	GSM2627035	RNA-Seq	cDNA	TRANSCRIPTOMIC	PAIRED	ILLUMINA	Illumina HiSeq 2500	SRP107025	PRJNA386518	9606	Homo sapiens	82525776	16670206752	202	10055	https://sra-downloadb.be-md.ncbi.nlm.nih.gov/sos5/sra-pub-zq-14/SRR005/553/SRR5553891.sralite.1	2018-02-26 08:47:25
SRR5553892	SRX2819350	SRS2197503	SAMN06971616	GSM2627036	RNA-Seq	cDNA	TRANSCRIPTOMIC	PAIRED	ILLUMINA	Illumina HiSeq 2500	SRP107025	PRJNA386518	9606	Homo sapiens	114256046	23079721292	202	15259	https://sra-downloadb.be-md.ncbi.nlm.nih.gov/sos5/sra-pub-zq-14/SRR005/553/SRR5553892.sralite.1	2018-02-26 08:47:25
SRR5553895	SRX2819353	SRS2197504	SAMN06971613	GSM2627039	RNA-Seq	cDNA	TRANSCRIPTOMIC	PAIRED	ILLUMINA	Illumina HiSeq 2500	SRP107025	PRJNA386518	9606	Homo sapiens	92941460	18774174920	202	12538	https://sra-downloadb.be-md.ncbi.nlm.nih.gov/sos5/sra-pub-zq-14/SRR005/553/SRR5553895.sralite.1	2018-02-26 08:47:25
SRR5553893	SRX2819351	SRS2197505	SAMN06971615	GSM2627037	RNA-Seq	cDNA	TRANSCRIPTOMIC	PAIRED	ILLUMINA	Illumina HiSeq 2500	SRP107025	PRJNA386518	9606	Homo sapiens	116084266	23449021732	202	15475	https://sra-downloadb.be-md.ncbi.nlm.nih.gov/sos5/sra-pub-zq-14/SRR005/553/SRR5553893.sralite.1	2018-02-26 08:47:25
SRR5553896	SRX2819354	SRS2197506	SAMN06971612	GSM2627040	RNA-Seq	cDNA	TRANSCRIPTOMIC	SINGLE	ILLUMINA	Illumina HiSeq 2500	SRP107025	PRJNA386518	9606	Homo sapiens	29331467	2962478167	101	1952	https://sra-downloadb.be-md.ncbi.nlm.nih.gov/sos5/sra-pub-zq-14/SRR005/553/SRR5553896.sralite.1	2018-02-26 08:47:25
SRR5553897	SRX2819355	SRS2197507	SAMN06971611	GSM2627041	RNA-Seq	cDNA	TRANSCRIPTOMIC	SINGLE	ILLUMINA	Illumina HiSeq 2500	SRP107025	PRJNA386518	9606	Homo sapiens	46613876	4708001476	101	3246	https://sra-downloadb.be-md.ncbi.nlm.nih.gov/sos5/sra-pub-zq-14/SRR005/553/SRR5553897.sralite.1	2018-02-26 08:47:25
SRR5553898	SRX2819356	SRS2197508	SAMN06971610	GSM2627042	RNA-Seq	cDNA	TRANSCRIPTOMIC	SINGLE	ILLUMINA	Illumina HiSeq 2500	SRP107025	PRJNA386518	9606	Homo sapiens	42284744	4270759144	101	2910	https://sra-downloadb.be-md.ncbi.nlm.nih.gov/sos5/sra-pub-zq-14/SRR005/553/SRR5553898.sralite.1	2018-02-26 08:47:25
SRR5553899	SRX2819357	SRS2197509	SAMN06971609	GSM2627043	RNA-Seq	cDNA	TRANSCRIPTOMIC	SINGLE	ILLUMINA	Illumina HiSeq 2500	SRP107025	PRJNA386518	9606	Homo sapiens	35321710	3567492710	101	2444	https://sra-downloadb.be-md.ncbi.nlm.nih.gov/sos5/sra-pub-zq-14/SRR005/553/SRR5553899.sralite.1	2018-02-26 08:47:25
SRR5553900	SRX2819358	SRS2197510	SAMN06971608	GSM2627044	RNA-Seq	cDNA	TRANSCRIPTOMIC	SINGLE	ILLUMINA	Illumina HiSeq 2500	SRP107025	PRJNA386518	9606	Homo sapiens	35296705	3564967205	101	2431	https://sra-downloadb.be-md.ncbi.nlm.nih.gov/sos5/sra-pub-zq-14/SRR005/553/SRR5553900.sralite.1	2018-02-26 08:47:25
SRR5553901	SRX2819359	SRS2197511	SAMN06971607	GSM2627045	RNA-Seq	cDNA	TRANSCRIPTOMIC	SINGLE	ILLUMINA	Illumina HiSeq 2500	SRP107025	PRJNA386518	9606	Homo sapiens	32775149	3310290049	101	2276	https://sra-downloadb.be-md.ncbi.nlm.nih.gov/sos5/sra-pub-zq-14/SRR005/553/SRR5553901.sralite.1	2018-02-26 08:47:25
SRR5553902	SRX2819360	SRS2197512	SAMN06971606	GSM2627046	RNA-Seq	cDNA	TRANSCRIPTOMIC	PAIRED	ILLUMINA	Illumina HiSeq 2500	SRP107025	PRJNA386518	9606	Homo sapiens	98683897	19934147194	202	12626	https://sra-downloadb.be-md.ncbi.nlm.nih.gov/sos5/sra-pub-zq-14/SRR005/553/SRR5553902.sralite.1	2018-02-26 08:47:25
SRR5553903	SRX2819361	SRS2197513	SAMN06971605	GSM2627047	RNA-Seq	cDNA	TRANSCRIPTOMIC	SINGLE	ILLUMINA	Illumina HiSeq 2500	SRP107025	PRJNA386518	9606	Homo sapiens	34054975	3439552475	101	2371	https://sra-downloadb.be-md.ncbi.nlm.nih.gov/sos5/sra-pub-zq-14/SRR005/553/SRR5553903.sralite.1	2018-02-26 08:47:25
SRR5553904	SRX2819362	SRS2197514	SAMN06971604	GSM2627048	RNA-Seq	cDNA	TRANSCRIPTOMIC	SINGLE	ILLUMINA	Illumina HiSeq 2500	SRP107025	PRJNA386518	9606	Homo sapiens	34522895	3486812395	101	2411	https://sra-downloadb.be-md.ncbi.nlm.nih.gov/sos5/sra-pub-zq-14/SRR005/553/SRR5553904.sralite.1	2018-02-26 08:47:25
SRR5553905	SRX2819363	SRS2197515	SAMN06971603	GSM2627049	RNA-Seq	cDNA	TRANSCRIPTOMIC	SINGLE	ILLUMINA	Illumina HiSeq 2500	SRP107025	PRJNA386518	9606	Homo sapiens	32737415	3306478915	101	2216	https://sra-downloadb.be-md.ncbi.nlm.nih.gov/sos5/sra-pub-zq-14/SRR005/553/SRR5553905.sralite.1	2018-02-26 08:47:25
SRR5553906	SRX2819364	SRS2197516	SAMN06971602	GSM2627050	RNA-Seq	cDNA	TRANSCRIPTOMIC	SINGLE	ILLUMINA	Illumina HiSeq 2500	SRP107025	PRJNA386518	9606	Homo sapiens	34793262	3514119462	101	2352	https://sra-downloadb.be-md.ncbi.nlm.nih.gov/sos5/sra-pub-zq-14/SRR005/553/SRR5553906.sralite.1	2018-02-26 08:47:25
SRR5553907	SRX2819365	SRS2197517	SAMN06971601	GSM2627051	RNA-Seq	cDNA	TRANSCRIPTOMIC	SINGLE	ILLUMINA	Illumina HiSeq 2500	SRP107025	PRJNA386518	9606	Homo sapiens	36172364	3653408764	101	2374	https://sra-downloadb.be-md.ncbi.nlm.nih.gov/sos5/sra-pub-zq-14/SRR005/553/SRR5553907.sralite.1	2018-02-26 08:47:25
SRR5553908	SRX2819366	SRS2197518	SAMN06971600	GSM2627052	RNA-Seq	cDNA	TRANSCRIPTOMIC	SINGLE	ILLUMINA	Illumina HiSeq 2500	SRP107025	PRJNA386518	9606	Homo sapiens	33718721	3371872100	100	2214	https://sra-downloadb.be-md.ncbi.nlm.nih.gov/sos5/sra-pub-zq-14/SRR005/553/SRR5553908.sralite.1	2018-02-26 08:47:25
SRR5553866	SRX2819324	SRS2197519	SAMN06971582	GSM2627010	RNA-Seq	cDNA	TRANSCRIPTOMIC	SINGLE	ILLUMINA	Illumina HiSeq 2500	SRP107025	PRJNA386518	9606	Homo sapiens	28554319	2883986219	101	1910	https://sra-downloadb.be-md.ncbi.nlm.nih.gov/sos5/sra-pub-zq-14/SRR005/553/SRR5553866.sralite.1	2018-02-26 08:47:25
SRR5553909	SRX2819367	SRS2197520	SAMN06971599	GSM2627053	RNA-Seq	cDNA	TRANSCRIPTOMIC	SINGLE	ILLUMINA	Illumina HiSeq 2500	SRP107025	PRJNA386518	9606	Homo sapiens	44451982	4489650182	101	2912	https://sra-downloadb.be-md.ncbi.nlm.nih.gov/sos5/sra-pub-zq-14/SRR005/553/SRR5553909.sralite.1	2018-02-26 08:47:25
SRR5553910	SRX2819368	SRS2197521	SAMN06971598	GSM2627054	RNA-Seq	cDNA	TRANSCRIPTOMIC	SINGLE	ILLUMINA	Illumina HiSeq 2500	SRP107025	PRJNA386518	9606	Homo sapiens	36257414	3661998814	101	2400	https://sra-downloadb.be-md.ncbi.nlm.nih.gov/sos5/sra-pub-zq-14/SRR005/553/SRR5553910.sralite.1	2018-02-26 08:47:25
SRR5553911	SRX2819369	SRS2197522	SAMN06971597	GSM2627055	RNA-Seq	cDNA	TRANSCRIPTOMIC	PAIRED	ILLUMINA	Illumina HiSeq 2500	SRP107025	PRJNA386518	9606	Homo sapiens	112659289	22757176378	202	14459	https://sra-downloadb.be-md.ncbi.nlm.nih.gov/sos5/sra-pub-zq-14/SRR005/553/SRR5553911.sralite.1	2018-02-26 08:47:25
SRR5553913	SRX2819371	SRS2197523	SAMN06971651	GSM2627057	RNA-Seq	cDNA	TRANSCRIPTOMIC	SINGLE	ILLUMINA	Illumina HiSeq 2500	SRP107025	PRJNA386518	9606	Homo sapiens	34731710	3507902710	101	2285	https://sra-downloadb.be-md.ncbi.nlm.nih.gov/sos5/sra-pub-zq-14/SRR005/553/SRR5553913.sralite.1	2018-02-26 08:47:26
SRR5553912	SRX2819370	SRS2197524	SAMN06971652	GSM2627056	RNA-Seq	cDNA	TRANSCRIPTOMIC	SINGLE	ILLUMINA	Illumina HiSeq 2500	SRP107025	PRJNA386518	9606	Homo sapiens	28533766	2881910366	101	1897	https://sra-downloadb.be-md.ncbi.nlm.nih.gov/sos5/sra-pub-zq-14/SRR005/553/SRR5553912.sralite.1	2018-02-26 08:47:25
SRR5553914	SRX2819372	SRS2197525	SAMN06971650	GSM2627058	RNA-Seq	cDNA	TRANSCRIPTOMIC	SINGLE	ILLUMINA	Illumina HiSeq 2500	SRP107025	PRJNA386518	9606	Homo sapiens	32829603	3315789903	101	2177	https://sra-downloadb.be-md.ncbi.nlm.nih.gov/sos5/sra-pub-zq-14/SRR005/553/SRR5553914.sralite.1	2018-02-26 08:47:26
SRR5553894	SRX2819352	SRS2197526	SAMN06971614	GSM2627038	RNA-Seq	cDNA	TRANSCRIPTOMIC	PAIRED	ILLUMINA	Illumina HiSeq 2500	SRP107025	PRJNA386518	9606	Homo sapiens	128306986	25918011172	202	16989	https://sra-downloadb.be-md.ncbi.nlm.nih.gov/sos5/sra-pub-zq-14/SRR005/553/SRR5553894.sralite.1	2018-02-26 08:47:25
SRR5553915	SRX2819373	SRS2197527	SAMN06971596	GSM2627059	RNA-Seq	cDNA	TRANSCRIPTOMIC	SINGLE	ILLUMINA	Illumina HiSeq 2500	SRP107025	PRJNA386518	9606	Homo sapiens	35207095	3555916595	101	2333	https://sra-downloadb.be-md.ncbi.nlm.nih.gov/sos5/sra-pub-zq-14/SRR005/553/SRR5553915.sralite.1	2018-02-26 08:47:26
SRR5553916	SRX2819374	SRS2197528	SAMN06971595	GSM2627060	RNA-Seq	cDNA	TRANSCRIPTOMIC	SINGLE	ILLUMINA	Illumina HiSeq 2500	SRP107025	PRJNA386518	9606	Homo sapiens	30332638	3033263800	100	2044	https://sra-downloadb.be-md.ncbi.nlm.nih.gov/sos5/sra-pub-zq-14/SRR005/553/SRR5553916.sralite.1	2018-02-26 08:47:26
SRR5553918	SRX2819376	SRS2197529	SAMN06971653	GSM2627062	RNA-Seq	cDNA	TRANSCRIPTOMIC	SINGLE	ILLUMINA	Illumina HiSeq 2500	SRP107025	PRJNA386518	9606	Homo sapiens	37297376	3767034976	101	2466	https://sra-downloadb.be-md.ncbi.nlm.nih.gov/sos5/sra-pub-zq-14/SRR005/553/SRR5553918.sralite.1	2018-02-26 08:47:26
SRR5553919	SRX2819377	SRS2197530	SAMN06971649	GSM2627063	RNA-Seq	cDNA	TRANSCRIPTOMIC	SINGLE	ILLUMINA	Illumina HiSeq 2500	SRP107025	PRJNA386518	9606	Homo sapiens	26557823	2682340123	101	1761	https://sra-downloadb.be-md.ncbi.nlm.nih.gov/sos5/sra-pub-zq-14/SRR005/553/SRR5553919.sralite.1	2018-02-26 08:47:26
SRR5553917	SRX2819375	SRS2197531	SAMN06971594	GSM2627061	RNA-Seq	cDNA	TRANSCRIPTOMIC	SINGLE	ILLUMINA	Illumina HiSeq 2500	SRP107025	PRJNA386518	9606	Homo sapiens	35827445	3618571945	101	2378	https://sra-downloadb.be-md.ncbi.nlm.nih.gov/sos5/sra-pub-zq-14/SRR005/553/SRR5553917.sralite.1	2018-02-26 08:47:26
SRR5553920	SRX2819378	SRS2197532	SAMN06971648	GSM2627064	RNA-Seq	cDNA	TRANSCRIPTOMIC	SINGLE	ILLUMINA	Illumina HiSeq 2500	SRP107025	PRJNA386518	9606	Homo sapiens	28722084	2900930484	101	1855	https://sra-downloadb.be-md.ncbi.nlm.nih.gov/sos5/sra-pub-zq-14/SRR005/553/SRR5553920.sralite.1	2018-02-26 08:47:26
SRR5553921	SRX2819379	SRS2197533	SAMN06971647	GSM2627065	RNA-Seq	cDNA	TRANSCRIPTOMIC	SINGLE	ILLUMINA	Illumina HiSeq 2500	SRP107025	PRJNA386518	9606	Homo sapiens	33831072	3416938272	101	2186	https://sra-downloadb.be-md.ncbi.nlm.nih.gov/sos5/sra-pub-zq-14/SRR005/553/SRR5553921.sralite.1	2018-02-26 08:47:26
SRR5553922	SRX2819380	SRS2197534	SAMN06971646	GSM2627066	RNA-Seq	cDNA	TRANSCRIPTOMIC	SINGLE	ILLUMINA	Illumina HiSeq 2500	SRP107025	PRJNA386518	9606	Homo sapiens	38120107	3850130807	101	2465	https://sra-downloadb.be-md.ncbi.nlm.nih.gov/sos5/sra-pub-zq-14/SRR005/553/SRR5553922.sralite.1	2018-02-26 08:47:26
SRR5553923	SRX2819381	SRS2197535	SAMN06971645	GSM2627067	RNA-Seq	cDNA	TRANSCRIPTOMIC	SINGLE	ILLUMINA	Illumina HiSeq 2500	SRP107025	PRJNA386518	9606	Homo sapiens	34854225	3520276725	101	2334	https://sra-downloadb.be-md.ncbi.nlm.nih.gov/sos5/sra-pub-zq-14/SRR005/553/SRR5553923.sralite.1	2018-02-26 08:47:26
SRR5553925	SRX2819383	SRS2197536	SAMN06971643	GSM2627069	RNA-Seq	cDNA	TRANSCRIPTOMIC	SINGLE	ILLUMINA	Illumina HiSeq 2500	SRP107025	PRJNA386518	9606	Homo sapiens	39064058	3945469858	101	2797	https://sra-downloadb.be-md.ncbi.nlm.nih.gov/sos5/sra-pub-zq-14/SRR005/553/SRR5553925.sralite.1	2018-02-26 08:47:26
SRR5553926	SRX2819384	SRS2197537	SAMN06971642	GSM2627070	RNA-Seq	cDNA	TRANSCRIPTOMIC	SINGLE	ILLUMINA	Illumina HiSeq 2500	SRP107025	PRJNA386518	9606	Homo sapiens	27481356	2775616956	101	1981	https://sra-downloadb.be-md.ncbi.nlm.nih.gov/sos5/sra-pub-zq-14/SRR005/553/SRR5553926.sralite.1	2018-02-26 08:47:26
SRR5553924	SRX2819382	SRS2197538	SAMN06971644	GSM2627068	RNA-Seq	cDNA	TRANSCRIPTOMIC	SINGLE	ILLUMINA	Illumina HiSeq 2500	SRP107025	PRJNA386518	9606	Homo sapiens	30854658	3116320458	101	2206	https://sra-downloadb.be-md.ncbi.nlm.nih.gov/sos5/sra-pub-zq-14/SRR005/553/SRR5553924.sralite.1	2018-02-26 08:47:26
SRR5553927	SRX2819385	SRS2197539	SAMN06971641	GSM2627071	RNA-Seq	cDNA	TRANSCRIPTOMIC	SINGLE	ILLUMINA	Illumina HiSeq 2500	SRP107025	PRJNA386518	9606	Homo sapiens	30947605	3125708105	101	2005	https://sra-downloadb.be-md.ncbi.nlm.nih.gov/sos5/sra-pub-zq-14/SRR005/553/SRR5553927.sralite.1	2018-02-26 08:47:26
SRR5553928	SRX2819386	SRS2197540	SAMN06971640	GSM2627072	RNA-Seq	cDNA	TRANSCRIPTOMIC	SINGLE	ILLUMINA	Illumina HiSeq 2500	SRP107025	PRJNA386518	9606	Homo sapiens	30732738	3104006538	101	2056	https://sra-downloadb.be-md.ncbi.nlm.nih.gov/sos5/sra-pub-zq-14/SRR005/553/SRR5553928.sralite.1	2018-02-26 08:47:26
SRR5553929	SRX2819387	SRS2197541	SAMN06971639	GSM2627073	RNA-Seq	cDNA	TRANSCRIPTOMIC	SINGLE	ILLUMINA	Illumina HiSeq 2500	SRP107025	PRJNA386518	9606	Homo sapiens	34933441	3528277541	101	2336	https://sra-downloadb.be-md.ncbi.nlm.nih.gov/sos5/sra-pub-zq-14/SRR005/553/SRR5553929.sralite.1	2018-02-26 08:47:26
SRR5553930	SRX2819388	SRS2197542	SAMN06971638	GSM2627074	RNA-Seq	cDNA	TRANSCRIPTOMIC	SINGLE	ILLUMINA	Illumina HiSeq 2500	SRP107025	PRJNA386518	9606	Homo sapiens	34539234	3488462634	101	2450	https://sra-downloadb.be-md.ncbi.nlm.nih.gov/sos5/sra-pub-zq-14/SRR005/553/SRR5553930.sralite.1	2018-02-26 08:47:26
SRR5553931	SRX2819389	SRS2197543	SAMN06971637	GSM2627075	RNA-Seq	cDNA	TRANSCRIPTOMIC	SINGLE	ILLUMINA	Illumina HiSeq 2500	SRP107025	PRJNA386518	9606	Homo sapiens	39006208	3939627008	101	2763	https://sra-downloadb.be-md.ncbi.nlm.nih.gov/sos5/sra-pub-zq-14/SRR005/553/SRR5553931.sralite.1	2018-02-26 08:47:26
SRR5553932	SRX2819390	SRS2197544	SAMN06971636	GSM2627076	RNA-Seq	cDNA	TRANSCRIPTOMIC	SINGLE	ILLUMINA	Illumina HiSeq 2500	SRP107025	PRJNA386518	9606	Homo sapiens	35794425	3615236925	101	2541	https://sra-downloadb.be-md.ncbi.nlm.nih.gov/sos5/sra-pub-zq-14/SRR005/553/SRR5553932.sralite.1	2018-02-26 08:47:26
SRR5553933	SRX2819391	SRS2197545	SAMN06971635	GSM2627077	RNA-Seq	cDNA	TRANSCRIPTOMIC	SINGLE	ILLUMINA	Illumina HiSeq 2500	SRP107025	PRJNA386518	9606	Homo sapiens	31278059	3127805900	100	2117	https://sra-downloadb.be-md.ncbi.nlm.nih.gov/sos5/sra-pub-zq-14/SRR005/553/SRR5553933.sralite.1	2018-02-26 08:47:26
SRR5553937	SRX2819395	SRS2197546	SAMN06971631	GSM2627081	RNA-Seq	cDNA	TRANSCRIPTOMIC	SINGLE	ILLUMINA	Illumina HiSeq 2500	SRP107025	PRJNA386518	9606	Homo sapiens	33027015	3335728515	101	2206	https://sra-downloadb.be-md.ncbi.nlm.nih.gov/sos5/sra-pub-zq-14/SRR005/553/SRR5553937.sralite.1	2018-02-26 08:47:26
SRR5553934	SRX2819392	SRS2197547	SAMN06971634	GSM2627078	RNA-Seq	cDNA	TRANSCRIPTOMIC	SINGLE	ILLUMINA	Illumina HiSeq 2500	SRP107025	PRJNA386518	9606	Homo sapiens	33978758	3431854558	101	2257	https://sra-downloadb.be-md.ncbi.nlm.nih.gov/sos5/sra-pub-zq-14/SRR005/553/SRR5553934.sralite.1	2018-02-26 08:47:26
SRR5553935	SRX2819393	SRS2197548	SAMN06971633	GSM2627079	RNA-Seq	cDNA	TRANSCRIPTOMIC	SINGLE	ILLUMINA	Illumina HiSeq 2500	SRP107025	PRJNA386518	9606	Homo sapiens	30827984	3113626384	101	2071	https://sra-downloadb.be-md.ncbi.nlm.nih.gov/sos5/sra-pub-zq-14/SRR005/553/SRR5553935.sralite.1	2018-02-26 08:47:26
SRR5553936	SRX2819394	SRS2197549	SAMN06971632	GSM2627080	RNA-Seq	cDNA	TRANSCRIPTOMIC	SINGLE	ILLUMINA	Illumina HiSeq 2500	SRP107025	PRJNA386518	9606	Homo sapiens	40953158	4136268958	101	2740	https://sra-downloadb.be-md.ncbi.nlm.nih.gov/sos5/sra-pub-zq-14/SRR005/553/SRR5553936.sralite.1	2018-02-26 08:47:26
SRR5553938	SRX2819396	SRS2197550	SAMN06971630	GSM2627082	RNA-Seq	cDNA	TRANSCRIPTOMIC	SINGLE	ILLUMINA	Illumina HiSeq 2500	SRP107025	PRJNA386518	9606	Homo sapiens	34526057	3487131757	101	2301	https://sra-downloadb.be-md.ncbi.nlm.nih.gov/sos5/sra-pub-zq-14/SRR005/553/SRR5553938.sralite.1	2018-02-26 08:47:26
SRR5553940	SRX2819398	SRS2197551	SAMN06971628	GSM2627084	RNA-Seq	cDNA	TRANSCRIPTOMIC	SINGLE	ILLUMINA	Illumina HiSeq 2500	SRP107025	PRJNA386518	9606	Homo sapiens	37208148	3758022948	101	2488	https://sra-downloadb.be-md.ncbi.nlm.nih.gov/sos5/sra-pub-zq-14/SRR005/553/SRR5553940.sralite.1	2018-02-26 08:47:26
SRR5553941	SRX2819399	SRS2197552	SAMN06971627	GSM2627085	RNA-Seq	cDNA	TRANSCRIPTOMIC	SINGLE	ILLUMINA	Illumina HiSeq 2500	SRP107025	PRJNA386518	9606	Homo sapiens	34800189	3514819089	101	2336	https://sra-downloadb.be-md.ncbi.nlm.nih.gov/sos5/sra-pub-zq-14/SRR005/553/SRR5553941.sralite.1	2018-02-26 08:47:26
SRR5553939	SRX2819397	SRS2197553	SAMN06971629	GSM2627083	RNA-Seq	cDNA	TRANSCRIPTOMIC	SINGLE	ILLUMINA	Illumina HiSeq 2500	SRP107025	PRJNA386518	9606	Homo sapiens	25524920	2578016920	101	1721	https://sra-downloadb.be-md.ncbi.nlm.nih.gov/sos5/sra-pub-zq-14/SRR005/553/SRR5553939.sralite.1	2018-02-26 08:47:26
SRR5553942	SRX2819400	SRS2197554	SAMN06971626	GSM2627086	RNA-Seq	cDNA	TRANSCRIPTOMIC	SINGLE	ILLUMINA	Illumina HiSeq 2500	SRP107025	PRJNA386518	9606	Homo sapiens	28946505	2923597005	101	2032	https://sra-downloadb.be-md.ncbi.nlm.nih.gov/sos5/sra-pub-zq-14/SRR005/553/SRR5553942.sralite.1	2018-02-26 08:47:26
SRR5553943	SRX2819401	SRS2197555	SAMN06971625	GSM2627087	RNA-Seq	cDNA	TRANSCRIPTOMIC	SINGLE	ILLUMINA	Illumina HiSeq 2500	SRP107025	PRJNA386518	9606	Homo sapiens	34754167	3510170867	101	2477	https://sra-downloadb.be-md.ncbi.nlm.nih.gov/sos5/sra-pub-zq-14/SRR005/553/SRR5553943.sralite.1	2018-02-26 08:47:26
SRR5553944	SRX2819402	SRS2197556	SAMN06971624	GSM2627088	RNA-Seq	cDNA	TRANSCRIPTOMIC	SINGLE	ILLUMINA	Illumina HiSeq 2500	SRP107025	PRJNA386518	9606	Homo sapiens	30841718	3115013518	101	2226	https://sra-downloadb.be-md.ncbi.nlm.nih.gov/sos5/sra-pub-zq-14/SRR005/553/SRR5553944.sralite.1	2018-02-26 08:47:26
SRR5553945	SRX2819403	SRS2197557	SAMN06971563	GSM2627089	RNA-Seq	cDNA	TRANSCRIPTOMIC	SINGLE	ILLUMINA	Illumina HiSeq 2500	SRP107025	PRJNA386518	9606	Homo sapiens	28303226	2858625826	101	1905	https://sra-downloadb.be-md.ncbi.nlm.nih.gov/sos5/sra-pub-zq-14/SRR005/553/SRR5553945.sralite.1	2018-02-26 08:47:26
SRR5553946	SRX2819404	SRS2197558	SAMN06971562	GSM2627090	RNA-Seq	cDNA	TRANSCRIPTOMIC	SINGLE	ILLUMINA	Illumina HiSeq 2500	SRP107025	PRJNA386518	9606	Homo sapiens	29083218	2908321800	100	1933	https://sra-downloadb.be-md.ncbi.nlm.nih.gov/sos5/sra-pub-zq-14/SRR005/553/SRR5553946.sralite.1	2018-02-26 08:47:26
SRR5553947	SRX2819405	SRS2197559	SAMN06971681	GSM2627091	RNA-Seq	cDNA	TRANSCRIPTOMIC	SINGLE	ILLUMINA	Illumina HiSeq 2500	SRP107025	PRJNA386518	9606	Homo sapiens	47600885	4807689385	101	3269	https://sra-downloadb.be-md.ncbi.nlm.nih.gov/sos5/sra-pub-zq-14/SRR005/553/SRR5553947.sralite.1	2018-02-26 08:47:26
SRR5553948	SRX2819406	SRS2197560	SAMN06971680	GSM2627092	RNA-Seq	cDNA	TRANSCRIPTOMIC	SINGLE	ILLUMINA	Illumina HiSeq 2500	SRP107025	PRJNA386518	9606	Homo sapiens	45998386	4645836986	101	3182	https://sra-downloadb.be-md.ncbi.nlm.nih.gov/sos5/sra-pub-zq-14/SRR005/553/SRR5553948.sralite.1	2018-02-26 08:47:26
SRR5553949	SRX2819407	SRS2197561	SAMN06971679	GSM2627093	RNA-Seq	cDNA	TRANSCRIPTOMIC	SINGLE	ILLUMINA	Illumina HiSeq 2500	SRP107025	PRJNA386518	9606	Homo sapiens	34577925	3457792500	100	2320	https://sra-downloadb.be-md.ncbi.nlm.nih.gov/sos5/sra-pub-zq-14/SRR005/553/SRR5553949.sralite.1	2018-02-26 08:47:26
SRR5553950	SRX2819408	SRS2197562	SAMN06971678	GSM2627094	RNA-Seq	cDNA	TRANSCRIPTOMIC	SINGLE	ILLUMINA	Illumina HiSeq 2500	SRP107025	PRJNA386518	9606	Homo sapiens	30849036	3084903600	100	2073	https://sra-downloadb.be-md.ncbi.nlm.nih.gov/sos5/sra-pub-zq-14/SRR005/553/SRR5553950.sralite.1	2018-02-26 08:47:26
SRR5553954	SRX2819412	SRS2197563	SAMN06971674	GSM2627098	RNA-Seq	cDNA	TRANSCRIPTOMIC	SINGLE	ILLUMINA	Illumina HiSeq 2500	SRP107025	PRJNA386518	9606	Homo sapiens	31900344	3190034400	100	2163	https://sra-downloadb.be-md.ncbi.nlm.nih.gov/sos5/sra-pub-zq-14/SRR005/553/SRR5553954.sralite.1	2018-02-26 08:47:27
SRR5553951	SRX2819409	SRS2197564	SAMN06971677	GSM2627095	RNA-Seq	cDNA	TRANSCRIPTOMIC	SINGLE	ILLUMINA	Illumina HiSeq 2500	SRP107025	PRJNA386518	9606	Homo sapiens	40337911	4033791100	100	2724	https://sra-downloadb.be-md.ncbi.nlm.nih.gov/sos5/sra-pub-zq-14/SRR005/553/SRR5553951.sralite.1	2018-02-26 08:47:26
SRR5553953	SRX2819411	SRS2197565	SAMN06971675	GSM2627097	RNA-Seq	cDNA	TRANSCRIPTOMIC	SINGLE	ILLUMINA	Illumina HiSeq 2500	SRP107025	PRJNA386518	9606	Homo sapiens	31474898	3147489800	100	2140	https://sra-downloadb.be-md.ncbi.nlm.nih.gov/sos5/sra-pub-zq-14/SRR005/553/SRR5553953.sralite.1	2018-02-26 08:47:27
SRR5553952	SRX2819410	SRS2197566	SAMN06971676	GSM2627096	RNA-Seq	cDNA	TRANSCRIPTOMIC	SINGLE	ILLUMINA	Illumina HiSeq 2500	SRP107025	PRJNA386518	9606	Homo sapiens	34548430	3454843000	100	2334	https://sra-downloadb.be-md.ncbi.nlm.nih.gov/sos5/sra-pub-zq-14/SRR005/553/SRR5553952.sralite.1	2018-02-26 08:47:27
SRR5553956	SRX2819414	SRS2197567	SAMN06971672	GSM2627100	RNA-Seq	cDNA	TRANSCRIPTOMIC	SINGLE	ILLUMINA	Illumina HiSeq 2500	SRP107025	PRJNA386518	9606	Homo sapiens	44362595	4436259500	100	2877	https://sra-downloadb.be-md.ncbi.nlm.nih.gov/sos5/sra-pub-zq-14/SRR005/553/SRR5553956.sralite.1	2018-02-26 08:47:27
SRR5553955	SRX2819413	SRS2197568	SAMN06971673	GSM2627099	RNA-Seq	cDNA	TRANSCRIPTOMIC	SINGLE	ILLUMINA	Illumina HiSeq 2500	SRP107025	PRJNA386518	9606	Homo sapiens	43468916	4346891600	100	2821	https://sra-downloadb.be-md.ncbi.nlm.nih.gov/sos5/sra-pub-zq-14/SRR005/553/SRR5553955.sralite.1	2018-02-26 08:47:27
SRR5553957	SRX2819415	SRS2197569	SAMN06971671	GSM2627101	RNA-Seq	cDNA	TRANSCRIPTOMIC	SINGLE	ILLUMINA	Illumina HiSeq 2500	SRP107025	PRJNA386518	9606	Homo sapiens	48588863	4858886300	100	3145	https://sra-downloadb.be-md.ncbi.nlm.nih.gov/sos5/sra-pub-zq-14/SRR005/553/SRR5553957.sralite.1	2018-02-26 08:47:27
SRR5553958	SRX2819416	SRS2197570	SAMN06971670	GSM2627102	RNA-Seq	cDNA	TRANSCRIPTOMIC	SINGLE	ILLUMINA	Illumina HiSeq 2500	SRP107025	PRJNA386518	9606	Homo sapiens	35550122	3590562322	101	2372	https://sra-downloadb.be-md.ncbi.nlm.nih.gov/sos5/sra-pub-zq-14/SRR005/553/SRR5553958.sralite.1	2018-02-26 08:47:27
SRR5553961	SRX2819419	SRS2197571	SAMN06971667	GSM2627105	RNA-Seq	cDNA	TRANSCRIPTOMIC	SINGLE	ILLUMINA	Illumina HiSeq 2500	SRP107025	PRJNA386518	9606	Homo sapiens	34800194	3514819594	101	2327	https://sra-downloadb.be-md.ncbi.nlm.nih.gov/sos5/sra-pub-zq-14/SRR005/553/SRR5553961.sralite.1	2018-02-26 08:47:27
SRR5553960	SRX2819418	SRS2197572	SAMN06971668	GSM2627104	RNA-Seq	cDNA	TRANSCRIPTOMIC	SINGLE	ILLUMINA	Illumina HiSeq 2500	SRP107025	PRJNA386518	9606	Homo sapiens	34927676	3527695276	101	2274	https://sra-downloadb.be-md.ncbi.nlm.nih.gov/sos5/sra-pub-zq-14/SRR005/553/SRR5553960.sralite.1	2018-02-26 08:47:27
SRR5553959	SRX2819417	SRS2197573	SAMN06971669	GSM2627103	RNA-Seq	cDNA	TRANSCRIPTOMIC	SINGLE	ILLUMINA	Illumina HiSeq 2500	SRP107025	PRJNA386518	9606	Homo sapiens	32297721	3262069821	101	2095	https://sra-downloadb.be-md.ncbi.nlm.nih.gov/sos5/sra-pub-zq-14/SRR005/553/SRR5553959.sralite.1	2018-02-26 08:47:27
SRR5553963	SRX2819421	SRS2197574	SAMN06971665	GSM2627107	RNA-Seq	cDNA	TRANSCRIPTOMIC	SINGLE	ILLUMINA	Illumina HiSeq 2500	SRP107025	PRJNA386518	9606	Homo sapiens	40568575	4097426075	101	2621	https://sra-downloadb.be-md.ncbi.nlm.nih.gov/sos5/sra-pub-zq-14/SRR005/553/SRR5553963.sralite.1	2018-02-26 08:47:27
SRR5553962	SRX2819420	SRS2197575	SAMN06971666	GSM2627106	RNA-Seq	cDNA	TRANSCRIPTOMIC	SINGLE	ILLUMINA	Illumina HiSeq 2500	SRP107025	PRJNA386518	9606	Homo sapiens	37002094	3737211494	101	2476	https://sra-downloadb.be-md.ncbi.nlm.nih.gov/sos5/sra-pub-zq-14/SRR005/553/SRR5553962.sralite.1	2018-02-26 08:47:27
SRR5553964	SRX2819422	SRS2197576	SAMN06971664	GSM2627108	RNA-Seq	cDNA	TRANSCRIPTOMIC	SINGLE	ILLUMINA	Illumina HiSeq 2500	SRP107025	PRJNA386518	9606	Homo sapiens	31311729	3162484629	101	2028	https://sra-downloadb.be-md.ncbi.nlm.nih.gov/sos5/sra-pub-zq-14/SRR005/553/SRR5553964.sralite.1	2018-02-26 08:47:27
SRR5553966	SRX2819424	SRS2197577	SAMN06971662	GSM2627110	RNA-Seq	cDNA	TRANSCRIPTOMIC	SINGLE	ILLUMINA	Illumina HiSeq 2500	SRP107025	PRJNA386518	9606	Homo sapiens	32839207	3316759907	101	2128	https://sra-downloadb.be-md.ncbi.nlm.nih.gov/sos5/sra-pub-zq-14/SRR005/553/SRR5553966.sralite.1	2018-02-26 08:47:27
SRR5553965	SRX2819423	SRS2197578	SAMN06971663	GSM2627109	RNA-Seq	cDNA	TRANSCRIPTOMIC	SINGLE	ILLUMINA	Illumina HiSeq 2500	SRP107025	PRJNA386518	9606	Homo sapiens	29485142	2977999342	101	1904	https://sra-downloadb.be-md.ncbi.nlm.nih.gov/sos5/sra-pub-zq-14/SRR005/553/SRR5553965.sralite.1	2018-02-26 08:47:27
SRR5553968	SRX2819426	SRS2197579	SAMN06971660	GSM2627112	RNA-Seq	cDNA	TRANSCRIPTOMIC	SINGLE	ILLUMINA	Illumina HiSeq 2500	SRP107025	PRJNA386518	9606	Homo sapiens	29270530	2956323530	101	1971	https://sra-downloadb.be-md.ncbi.nlm.nih.gov/sos5/sra-pub-zq-14/SRR005/553/SRR5553968.sralite.1	2018-02-26 08:47:27
SRR5553969	SRX2819427	SRS2197580	SAMN06971659	GSM2627113	RNA-Seq	cDNA	TRANSCRIPTOMIC	SINGLE	ILLUMINA	Illumina HiSeq 2500	SRP107025	PRJNA386518	9606	Homo sapiens	36856445	3722500945	101	2490	https://sra-downloadb.be-md.ncbi.nlm.nih.gov/sos5/sra-pub-zq-14/SRR005/553/SRR5553969.sralite.1	2018-02-26 08:47:27
SRR5553970	SRX2819428	SRS2197581	SAMN06971656	GSM2627114	RNA-Seq	cDNA	TRANSCRIPTOMIC	SINGLE	ILLUMINA	Illumina HiSeq 2500	SRP107025	PRJNA386518	9606	Homo sapiens	32008956	3232904556	101	2153	https://sra-downloadb.be-md.ncbi.nlm.nih.gov/sos5/sra-pub-zq-14/SRR005/553/SRR5553970.sralite.1	2018-02-26 08:47:27
SRR5553971	SRX2819429	SRS2197582	SAMN06971655	GSM2627115	RNA-Seq	cDNA	TRANSCRIPTOMIC	SINGLE	ILLUMINA	Illumina HiSeq 2500	SRP107025	PRJNA386518	9606	Homo sapiens	39587606	3998348206	101	2643	https://sra-downloadb.be-md.ncbi.nlm.nih.gov/sos5/sra-pub-zq-14/SRR005/553/SRR5553971.sralite.1	2018-02-26 08:47:27
SRR5553973	SRX2819431	SRS2197583	SAMN06971565	GSM2627117	RNA-Seq	cDNA	TRANSCRIPTOMIC	SINGLE	ILLUMINA	Illumina HiSeq 2500	SRP107025	PRJNA386518	9606	Homo sapiens	31901452	3222046652	101	2129	https://sra-downloadb.be-md.ncbi.nlm.nih.gov/sos5/sra-pub-zq-14/SRR005/553/SRR5553973.sralite.1	2018-02-26 08:47:27
SRR5553974	SRX2819432	SRS2197584	SAMN06971564	GSM2627118	RNA-Seq	cDNA	TRANSCRIPTOMIC	SINGLE	ILLUMINA	Illumina HiSeq 2500	SRP107025	PRJNA386518	9606	Homo sapiens	30506452	3081151652	101	2034	https://sra-downloadb.be-md.ncbi.nlm.nih.gov/sos5/sra-pub-zq-14/SRR005/553/SRR5553974.sralite.1	2018-02-26 08:47:27
SRR5553972	SRX2819430	SRS2197585	SAMN06971654	GSM2627116	RNA-Seq	cDNA	TRANSCRIPTOMIC	SINGLE	ILLUMINA	Illumina HiSeq 2500	SRP107025	PRJNA386518	9606	Homo sapiens	36377043	3674081343	101	2443	https://sra-downloadb.be-md.ncbi.nlm.nih.gov/sos5/sra-pub-zq-14/SRR005/553/SRR5553972.sralite.1	2018-02-26 08:47:27
SRR5553976	SRX2819434	SRS2197586	SAMN06971657	GSM2627120	RNA-Seq	cDNA	TRANSCRIPTOMIC	SINGLE	ILLUMINA	Illumina HiSeq 2500	SRP107025	PRJNA386518	9606	Homo sapiens	37254188	3762672988	101	2584	https://sra-downloadb.be-md.ncbi.nlm.nih.gov/sos5/sra-pub-zq-14/SRR005/553/SRR5553976.sralite.1	2018-02-26 08:47:27
SRR5553975	SRX2819433	SRS2197587	SAMN06971658	GSM2627119	RNA-Seq	cDNA	TRANSCRIPTOMIC	SINGLE	ILLUMINA	Illumina HiSeq 2500	SRP107025	PRJNA386518	9606	Homo sapiens	29822202	3012042402	101	2095	https://sra-downloadb.be-md.ncbi.nlm.nih.gov/sos5/sra-pub-zq-14/SRR005/553/SRR5553975.sralite.1	2018-02-26 08:47:27
SRR5553967	SRX2819425	SRS2197588	SAMN06971661	GSM2627111	RNA-Seq	cDNA	TRANSCRIPTOMIC	SINGLE	ILLUMINA	Illumina HiSeq 2500	SRP107025	PRJNA386518	9606	Homo sapiens	29622076	2991829676	101	2116	https://sra-downloadb.be-md.ncbi.nlm.nih.gov/sos5/sra-pub-zq-14/SRR005/553/SRR5553967.sralite.1	2018-02-26 08:47:27
